ItemCode,ItemType
000000001010001000,Natural rubber
000000001010001500,Natural rubber
000000001010002000,Natural rubber
000000001011037600,Synethic rubber
000000001011084200,Synethic rubber
000000001011122700,Synethic rubber
000000001011125000,Synethic rubber
000000001011137600,Synethic rubber
000000001011150200,Synethic rubber
000000001011172300,Synethic rubber
000000001011173900,Synethic rubber
000000001011252000,Synethic rubber
000000001011925100,Synethic rubber
000000001011925200,Synethic rubber
000000001011925500,Synethic rubber
000000001012096200,Synethic rubber
000000001012096800,Natural rubber
000000001012099500,Misc.
000000001012099800,Natural rubber
000000001031233800,Nylon fabric
000000001032281000,Nylon fabric
000000001032281100,Nylon fabric
000000001034252300,Nylon fabric
000000001034284200,Nylon fabric
000000001034284300,Nylon fabric
000000001034287600,Nylon fabric
000000001034301600,Nylon fabric
000000001034307600,Nylon fabric
000000001035161200,Nylon fabric
000000001035422500,Nylon fabric
000000001050016300,Rubber chemicals
000000001050022400,Rubber chemicals
000000001050027200,Rubber chemicals
000000001050051400,Rubber chemicals
000000001050077400,Rubber chemicals
000000001050121800,Rubber chemicals
000000001051010800,Rubber chemicals
000000001051014600,Rubber chemicals
000000001051020000,Rubber chemicals
000000001051023500,Rubber chemicals
000000001051026700,Rubber chemicals
000000001051032700,Rubber chemicals
000000001051073200,Rubber chemicals
000000001051100500,Rubber chemicals
000000001051190700,Rubber chemicals
000000001051190800,Rubber chemicals
000000001052028000,Rubber chemicals
000000001052062600,Rubber chemicals
000000001052072700,Rubber chemicals
000000001053005400,Rubber chemicals
000000001053031200,Rubber chemicals
000000001053032200,Rubber chemicals
000000001053032600,Rubber chemicals
000000001053035200,Rubber chemicals
000000001053035400,Rubber chemicals
000000001053045500,Process oil
000000001053047900,Rubber chemicals
000000001053056600,Rubber chemicals
000000001053063800,Misc.
000000001053075500,Process oil
000000001053077500,Rubber chemicals
000000001053082500,Rubber chemicals
000000001053082900,Rubber chemicals
000000001053101500,Rubber chemicals
000000001053158300,Rubber chemicals
000000001053158400,Rubber chemicals
000000001053751600,Rubber chemicals
000000001053775100,Rubber chemicals
000000001053775200,Rubber chemicals
000000001053839500,FINAL COMPOUND
000000001054042600,Rubber chemicals
000000001054091000,Rubber chemicals
000000001054097200,Rubber chemicals
000000001054110400,Rubber chemicals
000000001054130400,Rubber chemicals
000000001054861400,Rubber chemicals
000000001054861500,Rubber chemicals
000000001055000700,Rubber chemicals
000000001055007700,Rubber chemicals
000000001055007800,Rubber chemicals
000000001055011000,Rubber chemicals
000000001055014400,Rubber chemicals
000000001055014700,Rubber chemicals
000000001055015400,Rubber chemicals
000000001055022800,Rubber chemicals
000000001055055200,Rubber chemicals
000000001055055300,Rubber chemicals
000000001055083100,Zince oxide
000000001055718600,Tube Valves &Acce.
000000001055777700,Rubber chemicals
000000WA,Work Away
0020,Natural rubber
0224,Rubber chemicals
0352,Rubber chemicals
0727,Rubber chemicals
0842,Synethic rubber
1010003L00,Natural rubber
1010010A00,Synethic rubber
1010011A00,Natural rubber
1010020A00,Natural rubber
1010EU1100,Natural rubber
1010EU2000,Natural rubber
1010RS0100,Natural rubber
1011044A00,Synethic rubber
1011044B00,Synethic rubber
1011044F00,Synethic rubber
1011044J00,Synethic rubber
1011044S00,Synethic rubber
1011044U00,Synethic rubber
1011044W00,Synethic rubber
1011053A00,Synethic rubber
101144NS00,Synethic rubber
1011B23000,Synethic rubber
1011B35500,Synethic rubber
1011B72300,Synethic rubber
1011B73900,Synethic rubber
1011BO5200,Synethic rubber
1011BR4000,Synethic rubber
1011H26500,Synethic rubber
1011H62000,Synethic rubber
1020N13400,Carbon black
1020N22000,Carbon black
1020N23400,Carbon black
1020N32600,Carbon black
1020N33000,Carbon black
1020N33900,Carbon black
1020N55000,Carbon black
1020N66000,Carbon black
1020ND1300,Carbon black
1020P77400,Carbon black
1020SC3300,Carbon black
1020SC8000,Carbon black
103125EW00,Nylon fabric
1035BW3200,Nylon fabric
1036S30200,Steel tyre cord
1036S31100,Steel tyre cord
1036S32200,Steel tyre cord
1036S33500,Steel tyre cord
1036S34500,Steel tyre cord
1036S42100,Steel tyre cord
1036S53800,Steel tyre cord
1036S55000,Steel tyre cord
1036S56400,Steel tyre cord
1036S56500,Steel tyre cord
1036X31100,Steel tyre cord
103723EB00,Nylon fabric
1040S12400,Bead wire
1040S28600,Bead wire
1050224A00,Rubber chemicals
1051612D00,Rubber chemicals
1052028000,Rubber chemicals
1053122A00,Rubber chemicals
1053388A00,Rubber chemicals
1053755A00,Process oil
1053825A00,Rubber chemicals
1053P40000,Rubber chemicals
1055GH0100,Rubber chemicals
1055GR7700,Rubber chemicals
1055RH0700,Tube Valves &Acce.
1060E20000,Carbon black
1060EC2100,Synethic rubber
1060T30M00,Synethic rubber
1060T50M00,Synethic rubber
1245,Synethic rubber
1583,Rubber chemicals
1712,Synethic rubber
24MG,MASTER COMPOUND
24MGAMC,SMALL CHEMICAL
24MGBMC,SMALL CHEMICAL
25G,FINAL COMPOUND
25GFC,SMALL CHEMICAL
29MG,MASTER COMPOUND
29MGMC,SMALL CHEMICAL
30G,FINAL COMPOUND
30GFC,SMALL CHEMICAL
388A,Rubber chemicals
825A,Rubber chemicals
A1031,FINAL COMPOUND
A1031FC,SMALL CHEMICAL
A1035FC,SMALL CHEMICAL
A1133,FINAL COMPOUND
A1133FC,SMALL CHEMICAL
A5542,FINAL COMPOUND
A5542FC,SMALL CHEMICAL
AP 0011,Apex
AP 0012,Apex
AP 0018,Apex
AP 0022,Apex
AP0007,Apex
AP0009,Apex
AP0018T1,Apex
B1,FINAL COMPOUND
B1-1462 NXT,Steel Belt
B1-1482 NXT,Steel Belt
B1-1684 TOR MARUTI,Steel Belt
B1-1865 VEC,Steel Belt
B1-2155 BRU,Steel Belt
B1-PBLT001,Steel Belt
B1-PBLT002,Steel Belt
B1-PBLT003,Steel Belt
B1-PBLT004,Steel Belt
B1-PBLT005,Steel Belt
B1-PBLT006,Steel Belt
B1-PBLT007,Steel Belt
B1-PBLT008,Steel Belt
B1-PBLT009,Steel Belt
B1-PBLT010,Steel Belt
B1-PBLT011,Steel Belt
B1-PBLT012,Steel Belt
B1-PBLT013,Steel Belt
B1-PBLT014,Steel Belt
B1-PBLT015,Steel Belt
B1-PBLT016,Steel Belt
B1-PBLT017,Steel Belt
B1-PBLT018,Steel Belt
B1-PBLT019,Steel Belt
B1-PBLT020,Steel Belt
B1-PBLT021,Steel Belt
B1-PBLT022,Steel Belt
B1-PBLT024,Steel Belt
B1-PBLT025,Steel Belt
B1-PBLT026,Steel Belt
B1-PBLT027,Steel Belt
B1-PBLT028,Steel Belt
B1-PBLT029,Steel Belt
B1-PBLT030,Steel Belt
B1-PBLT031,Steel Belt
B1-PBLT032,Steel Belt
B1-PBLT033,Steel Belt
B1-PBLT034,Steel Belt
B1-PBLT035,Steel Belt
B1-PBLT036,Steel Belt
B1-PBLT037,Steel Belt
B1-PBLT038,Steel Belt
B1-PBLT039,Steel Belt
B1-PBLT040,Steel Belt
B1-PBLT041,Steel Belt
B1-PBLT042,Steel Belt
B1-PBLT043,Steel Belt
B1-PBLT044,Steel Belt
B1-PBLT045,Steel Belt
B1-PBLT046,Steel Belt
B1-PBLT047,Steel Belt
B1-PBLT048,Steel Belt
B1-PBLT049,Steel Belt
B1-PBLT050,Steel Belt
B1-PBLT051,Steel Belt
B1-PBLT052,Steel Belt
B1-PBLT053,Steel Belt
B1-PBLT054,Steel Belt
B1-PBLT055,Steel Belt
B1-PBLT056,Steel Belt
B1-PBLT057,Steel Belt
B1-PBLT058,Steel Belt
B1-PBLT059,Steel Belt
B1-PBLT060,Steel Belt
B1-PBLT061,Steel Belt
B1-PBLT062,Steel Belt
B1-PBLT063,Steel Belt
B1-PBLT064,Steel Belt
B1-PBLT065,Steel Belt
B1-PBLT066,Steel Belt
B1-PBLT067,Steel Belt
B1-PBLT068,Steel Belt
B1-PBLT069,Steel Belt
B1-PBLT070,Steel Belt
B1-PBLT071,Steel Belt
B1-PBLT072,Steel Belt
B1-PBLT073,Steel Belt
B1-PBLT074,Steel Belt
B1-PBLT075,Steel Belt
B1-PBLT076,Steel Belt
B1-PBLT077,Steel Belt
B1-PBLT078,Steel Belt
B1-PBLT079,Steel Belt
B1-PBLT080,Steel Belt
B1-PBLT081,Steel Belt
B1-PBLT082,Steel Belt
B1-PBLT083,Steel Belt
B1-PBLT084,Steel Belt
B1-PBLT085,Steel Belt
B1-PBLT086,Steel Belt
B1-PBLT088,Steel Belt
B1-PBLT089,Steel Belt
B1-PBLT090,Steel Belt
B1-PBLT091,Steel Belt
B1-PBLT093,Steel Belt
B1-PBLT094,Steel Belt
B1-PBLT095,Steel Belt
B1-PBLT096,Steel Belt
B1-PBLT097,Steel Belt
B1-PBLT098,Steel Belt
B1-PBLT099,Steel Belt
B1-PBLT100,Steel Belt
B1-PBLT101,Steel Belt
B1-PBLT102,Steel Belt
B1-PBLT103,Steel Belt
B1-PBLT104,Steel Belt
B1-PBLT105,Steel Belt
B1-PBLT107,Steel Belt
B1-SBLT01,Steel Belt
B1-SBLT02,Steel Belt
B1-TBLT001,Steel Belt
B1-TBLT002,Steel Belt
B1-TBLT003,Steel Belt
B1-TBLT005,Steel Belt
B1-TBLT006,Steel Belt
B1-TBLT007,Steel Belt
B1-TBLT008,Steel Belt
B1-TBLT009,Steel Belt
B1-TBLT010,Steel Belt
B1-TBLT011,Steel Belt
B1-TBLT012,Steel Belt
B107,FINAL COMPOUND
B107FC,SMALL CHEMICAL
B1144,FINAL COMPOUND
B127,FINAL COMPOUND
B127FC,SMALL CHEMICAL
B176,FINAL COMPOUND
B176FC,SMALL CHEMICAL
B186,FINAL COMPOUND
B186FC,SMALL CHEMICAL
B2-1462 NXT,Steel Belt
B2-1482 NXT,Steel Belt
B2-1684 TOR MARUTI,Steel Belt
B2-1865 VEC,Steel Belt
B2-2155 BRU,Steel Belt
B2-PBLT001,Steel Belt
B2-PBLT002,Steel Belt
B2-PBLT003,Steel Belt
B2-PBLT004,Steel Belt
B2-PBLT005,Steel Belt
B2-PBLT006,Steel Belt
B2-PBLT007,Steel Belt
B2-PBLT008,Steel Belt
B2-PBLT009,Steel Belt
B2-PBLT010,Steel Belt
B2-PBLT011,Steel Belt
B2-PBLT012,Steel Belt
B2-PBLT013,Steel Belt
B2-PBLT014,Steel Belt
B2-PBLT015,Steel Belt
B2-PBLT016,Steel Belt
B2-PBLT017,Steel Belt
B2-PBLT018,Steel Belt
B2-PBLT019,Steel Belt
B2-PBLT020,Steel Belt
B2-PBLT021,Steel Belt
B2-PBLT022,Steel Belt
B2-PBLT024,Steel Belt
B2-PBLT025,Steel Belt
B2-PBLT026,Steel Belt
B2-PBLT027,Steel Belt
B2-PBLT028,Steel Belt
B2-PBLT029,Steel Belt
B2-PBLT030,Steel Belt
B2-PBLT031,Steel Belt
B2-PBLT032,Steel Belt
B2-PBLT033,Steel Belt
B2-PBLT034,Steel Belt
B2-PBLT035,Steel Belt
B2-PBLT036,Steel Belt
B2-PBLT037,Steel Belt
B2-PBLT038,Steel Belt
B2-PBLT039,Steel Belt
B2-PBLT040,Steel Belt
B2-PBLT041,Steel Belt
B2-PBLT042,Steel Belt
B2-PBLT043,Steel Belt
B2-PBLT044,Steel Belt
B2-PBLT045,Steel Belt
B2-PBLT046,Steel Belt
B2-PBLT047,Steel Belt
B2-PBLT048,Steel Belt
B2-PBLT049,Steel Belt
B2-PBLT050,Steel Belt
B2-PBLT051,Steel Belt
B2-PBLT052,Steel Belt
B2-PBLT053,Steel Belt
B2-PBLT054,Steel Belt
B2-PBLT055,Steel Belt
B2-PBLT056,Steel Belt
B2-PBLT057,Steel Belt
B2-PBLT058,Steel Belt
B2-PBLT059,Steel Belt
B2-PBLT060,Steel Belt
B2-PBLT061,Steel Belt
B2-PBLT062,Steel Belt
B2-PBLT063,Steel Belt
B2-PBLT064,Steel Belt
B2-PBLT065,Steel Belt
B2-PBLT066,Steel Belt
B2-PBLT067,Steel Belt
B2-PBLT068,Steel Belt
B2-PBLT069,Steel Belt
B2-PBLT070,Steel Belt
B2-PBLT071,Steel Belt
B2-PBLT072,Steel Belt
B2-PBLT073,Steel Belt
B2-PBLT074,Steel Belt
B2-PBLT075,Steel Belt
B2-PBLT076,Steel Belt
B2-PBLT077,Steel Belt
B2-PBLT078,Steel Belt
B2-PBLT079,Steel Belt
B2-PBLT080,Steel Belt
B2-PBLT081,Steel Belt
B2-PBLT082,Steel Belt
B2-PBLT083,Steel Belt
B2-PBLT084,Steel Belt
B2-PBLT085,Steel Belt
B2-PBLT086,Steel Belt
B2-PBLT088,Steel Belt
B2-PBLT089,Steel Belt
B2-PBLT090,Steel Belt
B2-PBLT091,Steel Belt
B2-PBLT093,Steel Belt
B2-PBLT094,Steel Belt
B2-PBLT095,Steel Belt
B2-PBLT096,Steel Belt
B2-PBLT097,Steel Belt
B2-PBLT098,Steel Belt
B2-PBLT099,Steel Belt
B2-PBLT100,Steel Belt
B2-PBLT101,Steel Belt
B2-PBLT102,Steel Belt
B2-PBLT103,Steel Belt
B2-PBLT104,Steel Belt
B2-PBLT105,Steel Belt
B2-PBLT107,Steel Belt
B2-SBLT01,Steel Belt
B2-SBLT02,Steel Belt
B2-TBLT001,Steel Belt
B2-TBLT002,Steel Belt
B2-TBLT004,Steel Belt
B2-TBLT005,Steel Belt
B2-TBLT006,Steel Belt
B2-TBLT007,Steel Belt
B2-TBLT008,Steel Belt
B2-TBLT009,Steel Belt
B2-TBLT010,Steel Belt
B2-TBLT011,Steel Belt
B2-TBLT012,Steel Belt
B2-TBLT013,Steel Belt
B2-TBLT014,Steel Belt
B2-TBLT015,Steel Belt
B2-TBLT016,Steel Belt
B2-TBLT017,Steel Belt
B2-TBLT018,Steel Belt
B2-TBLT019,Steel Belt
B2-TBLT020,Steel Belt
B2-TBLT021,Steel Belt
B2-TBLT023,Steel Belt
B278,FINAL COMPOUND
B278FC,SMALL CHEMICAL
B3-TBLT001,Steel Belt
B3-TBLT002,Steel Belt
B3-TBLT004,Steel Belt
B3-TBLT005,Steel Belt
B3-TBLT006,Steel Belt
B3-TBLT007,Steel Belt
B3-TBLT008,Steel Belt
B3-TBLT009,Steel Belt
B3-TBLT010,Steel Belt
B3-TBLT011,Steel Belt
B3-TBLT012,Steel Belt
B3-TBLT013,Steel Belt
B3-TBLT015,Steel Belt
B3-TBLT016,Steel Belt
B3-TBLT017,Steel Belt
B3-TBLT019,Steel Belt
B3-TBLT021,Steel Belt
B3-TBLT023,Steel Belt
B333,FINAL COMPOUND
B333ARS,MASTER COMPOUND
B333ARSMC,SMALL CHEMICAL
B333FC,SMALL CHEMICAL
B340,FINAL COMPOUND
B350,FINAL COMPOUND
B350FC,SMALL CHEMICAL
B355,FINAL COMPOUND
B355FC,SMALL CHEMICAL
B370,FINAL COMPOUND
B370FC,SMALL CHEMICAL
B4-TBLT001,Steel Belt
B4-TBLT002,Steel Belt
B4-TBLT003,Steel Belt
B4-TBLT006,Steel Belt
B4-TBLT007,Steel Belt
B4-TBLT008,Steel Belt
B4-TBLT010,Steel Belt
B4-TBLT011,Steel Belt
B4-TBLT013,Steel Belt
B4-TBLT014,Steel Belt
B4-TBLT016,Steel Belt
B4-TBLT018,Steel Belt
B4-TBLT019,Rubberized Steel Belt
B458,FINAL COMPOUND
B458FC,SMALL CHEMICAL
B460,FINAL COMPOUND
B460FC,SMALL CHEMICAL
B606,FINAL COMPOUND
B606FC,SMALL CHEMICAL
B616M,FINAL COMPOUND
B616MFC,SMALL CHEMICAL
B617,SMALL CHEMICAL
B617FC,SMALL CHEMICAL
B714,FINAL COMPOUND
B714FC,SMALL CHEMICAL
B715,FINAL COMPOUND
B717M,FINAL COMPOUND
B717MFC,SMALL CHEMICAL
B815,FINAL COMPOUND
B815FC,SMALL CHEMICAL
B93FC,SMALL CHEMICAL
B96,FINAL COMPOUND
B96FC,SMALL CHEMICAL
B99,FINAL COMPOUND
B99-WA,Work Away
B99EG,FINAL COMPOUND
B99EGFC,SMALL CHEMICAL
B99FC,SMALL CHEMICAL
BA12001,Bead Apex
BA12003,Bead Apex
BA12004,Bead Apex
BA13001,Bead Apex
BA13002,Bead Apex
BA13003,Bead Apex
BA13006,Bead Apex
BA13007,Bead Apex
BA14001,Bead Apex
BA14002,Bead Apex
BA14004,Bead Apex
BA14005,Bead Apex
BA14006,Bead Apex
BA14007,Bead Apex
BA14008,Bead Apex
BA14009,Bead Apex
BA14010,Bead Apex
BA14014,Bead Apex
BA14015,Bead Apex
BA15002,Bead Apex
BA15003,Bead Apex
BA15004,Bead Apex
BA15005,Bead Apex
BA15006,Bead Apex
BA15007,Bead Apex
BA15008,Bead Apex
BA15009,Bead Apex
BA15010,Bead Apex
BA15011,Bead Apex
BA15012,Bead Apex
BA15013,Bead Apex
BA15014,Bead Apex
BA15015,Bead Apex
BA15017,Bead Apex
BA15019,Bead Apex
BA16001,Bead Apex
BA16002,Bead Apex
BA16003,Bead Apex
BA16004,Bead Apex
BA16005,Bead Apex
BA16007,Bead Apex
BA16008,Bead Apex
BA16009,Bead Apex
BA16010,Bead Apex
BA16011,Bead Apex
BA16012,Bead Apex
BA16013,Bead Apex
BA16014,Bead Apex
BA16015,Bead Apex
BA16016,Bead Apex
BA17002,Bead Apex
BA17003,Bead Apex
BA17004,Bead Apex
BA17005,Bead Apex
BA17006,Bead Apex
BA17007,Bead Apex
BA17008,Bead Apex
BA17009,Bead Apex
BA17010,Bead Apex
BA17011,Bead Apex
BA17012,Bead Apex
BA17013,Bead Apex
BA17017,Bead Apex
BA18001,Bead Apex
BA18002,Bead Apex
BA18003,Bead Apex
BA18004,Bead Apex
BA18005,Bead Apex
BA18006,Bead Apex
BA18007,Bead Apex
BA18008,Bead Apex
BA18009,Bead Apex
BA18010,Bead Apex
BA19001,Bead Apex
BA19002,Bead Apex
BA20001,Bead Apex
BCFT001,PRE CUT ROLL MATERIAL
BCFT002,PRE CUT ROLL MATERIAL
BCFT003,PRE CUT ROLL MATERIAL
BCFT004,PRE CUT ROLL MATERIAL
BCFT005,PRE CUT ROLL MATERIAL
BCFT006,PRE CUT ROLL MATERIAL
BDIN112845AP0011T1,Bead Apex
BDIN120955AP0007,Bead Apex
BDIN120955AP0011,Bead Apex
BDIN129666,Bead Bundle
BDIN96744,Bead Bundle
BDIN96744AP0018,Bead Apex
BEF001,Steel Belt Edge Strip
BI-MONO001,PRE CUT ROLL MATERIAL
BI-MONO002,PRE CUT ROLL MATERIAL
BRTTL,CALANDARED ROLL
BRTTL SLT,SLITTED MATERIAL
BRTTL-A,PRE CUT ROLL MATERIAL
BW12001,Bead Bundle
BW12002,Bead Bundle
BW13001,Bead Bundle
BW13002,Bead Bundle
BW13003,Bead Bundle
BW13004,Bead Bundle
BW14001,Bead Bundle
BW14002,Bead Bundle
BW14003,Bead Bundle
BW14004,Bead Bundle
BW14005,Bead Bundle
BW14006,Bead Bundle
BW14007,Bead Bundle
BW15001,Bead Bundle
BW15002,Bead Bundle
BW15003,Bead Bundle
BW15004,Bead Bundle
BW15005,Bead Bundle
BW15006,Bead Bundle
BW15007,Bead Bundle
BW15008,Bead Bundle
BW15009,Bead Bundle
BW15010,Bead Bundle
BW15011,Bead Wire
BW15012,Bead Bundle
BW16001,Bead Bundle
BW16002,Bead Bundle
BW16003,Bead Bundle
BW16004,Bead Bundle
BW16005,Bead Bundle
BW16006,Bead Bundle
BW16007,Bead Bundle
BW16008,Bead Bundle
BW16009,Bead Bundle
BW16010,Bead Bundle
BW17001,Bead Bundle
BW17002,Bead Bundle
BW17003,Bead Bundle
BW17004,Bead Bundle
BW17005,Bead Bundle
BW17006,Bead Bundle
BW17007,Bead Bundle
BW17008,Bead Bundle
BW17009,Bead Bundle
BW17010,Bead Bundle
BW18001,Bead Bundle
BW18002,Bead Bundle
BW18003,Bead Bundle
BW18004,Bead Bundle
BW18005,Bead Bundle
BW18006,Bead Bundle
BW19001,Bead Bundle
BW19002,Bead Bundle
BW20001,Bead Bundle
CAP 66,Cap Strip
CAP STRIP 28,CALANDARED ROLL
CAP30,CALANDARED ROLL
CAR 1402 XPC TATA,Carcass
CAR 1412 XPC MM,Carcass
CAR 1422 MAX,Carcass
CAR 1432 NXT,Carcass
CAR 1442 UHL,Carcass
CAR 1452 XPC MM,Carcass
CAR 1453 MAX,Carcass
CAR 1462 NXT,Carcass
CAR 1472 NXT,Carcass
CAR 1482 NXT,Carcass
CAR 1482 UHL,Carcass
CAR 1483 UHL,Carcass
CAR 1492 NEO,Carcass
CAR 1492 UHL,Carcass
CAR 1502 XPC1,Carcass
CAR 1503 NEO MSIL,Carcass
CAR 1512 XPC1,Carcass
CAR 1513 NEO,Carcass
CAR 1513 XPC1 MSIL,Carcass
CAR 1523 UHL,Carcass
CAR 1533 NEO TATA,Carcass
CAR 1543 NEO,Carcass
CAR 1543 XPC1,Carcass
CAR 1553 MAX,Carcass
CAR 1564 NEO,Carcass
CAR 1583 NEO TATA,Carcass
CAR 1583 VEC NISSA,Carcass
CAR 1593 NEO,Carcass
CAR 1593 NEO TATA,Carcass
CAR 1604 UXT,Carcass
CAR 1614 XPC NISSA,Carcass
CAR 1623 UHL,Carcass
CAR 1624 XPC,Carcass
CAR 1634 XPC TATA,Carcass
CAR 1644 MAX,Carcass
CAR 1654 EZO TOU,Carcass
CAR 1654 UXT,Carcass
CAR 1664 SPT,Carcass
CAR 1672 SPT,Carcass
CAR 1673 NEO,Carcass
CAR 1674 MAX,Carcass
CAR 1684 ROYL,Carcass
CAR 1684 SPT,Carcass
CAR 1684 TOR MARUT,Carcass
CAR 1685 XPC,Carcass
CAR 1694 UXT,Carcass
CAR 1713 NEO EXP,Carcass
CAR 1714 XPC GM,Carcass
CAR 1724 UXT,Carcass
CAR 1754 VEC TL,Carcass
CAR 1765 ROYL,Carcass
CAR 1772 NEO,Carcass
CAR 1773 NEO,Carcass
CAR 1774 VEC,Carcass
CAR 1784 VEC,Carcass
CAR 1804 XPC TT,Carcass
CAR 1805 VEC,Carcass
CAR 1814 XPC,Carcass
CAR 1816 RAN BRT,Carcass
CAR 1824 XPC1,Carcass
CAR 1825 UXT,Carcass
CAR 1834 VEC EXP,Carcass
CAR 1835 UXT,Carcass
CAR 1844 UXT,Carcass
CAR 1844 VEC NISSA,Carcass
CAR 1844 XPC TML,Carcass
CAR 1854 ROYL,Carcass
CAR 1854 XPC TT,Carcass
CAR 1855 ROYL HYU,Carcass
CAR 1856 ROYL,Carcass
CAR 1864 SPT,Carcass
CAR 1865 ROYL RENO,Carcass
CAR 1873 NEO,Carcass
CAR 1874 VEC MM,Carcass
CAR 1875 ALP,Carcass
CAR 1884 ROYL,Carcass
CAR 1885 MAX,Carcass
CAR 1886 BRU MM,Carcass
CAR 1894 MAX,Carcass
CAR 1895 MAX,Carcass
CAR 1905 XPC1,Carcass
CAR 1914 XPC1,Carcass
CAR 1915 LT XPC1,Carcass
CAR 1916 ROYL,Carcass
CAR 1924 XPC1,Carcass
CAR 1925 XPC1,Carcass
CAR 1935 UX1 EXP,Carcass
CAR 1936 ROYL,Carcass
CAR 1945 ALP,Carcass
CAR 1946 ROYL,Carcass
CAR 1955 UX1,Carcass
CAR 1956 BLA HPE,Carcass
CAR 1956 UXT,Carcass
CAR 1956 VEC,Carcass
CAR 1964 SPT,Carcass
CAR 1965 ROYL,Carcass
CAR 1965 UX1,Carcass
CAR 1966 RAN HPE,Carcass
CAR 1975 UX1 EXP,Carcass
CAR 1985 ROYL,Carcass
CAR 1985 UX1 XL,Carcass
CAR 1995 ROYL KIA,Carcass
CAR 2015 RAN ATW,Carcass
CAR 2016 RAN ATW,Carcass
CAR 2017 RAN HTW,Carcass
CAR 2025 UX1 EXP,Carcass
CAR 2026 UX1 EXP,Carcass
CAR 2035 EZO TOU,Carcass
CAR 2045 BLA HT,Carcass
CAR 2046 ROYL,Carcass
CAR 2047 ROYL HYU,Carcass
CAR 2055 RAN HT,Carcass
CAR 2056 ROYL,Carcass
CAR 2056 UX1,Carcass
CAR 2057 UX1,Carcass
CAR 2065 UX1,Carcass
CAR 2066 MAX,Carcass
CAR 2075 RAN AT,Carcass
CAR 2076 RAN HT,Carcass
CAR 2096 UXT,Carcass
CAR 2115 RAN HTW,Carcass
CAR 2116 ROYL HYU,Carcass
CAR 2117 RAN HTW,Carcass
CAR 2125 RAN AT,Carcass
CAR 2126 ROYL,Carcass
CAR 2155 BRU,Carcass
CAR 2156 BLA HT,Carcass
CAR 2157 RAN HPE,Carcass
CAR 2157 ROYL KIA,Carcass
CAR 2157 UX1,Carcass
CAR 2158 RAN HT,Carcass
CAR 2158 ROYL HYU,Carcass
CAR 2166 BLA HT,Carcass
CAR 2166 RAN HPE,Carcass
CAR 2167 RAN HPE,Carcass
CAR 2167 RAN HT,Carcass
CAR 2175 RAN HT,Carcass
CAR 2176 RAN HT,Carcass
CAR 2177 RAN HT,Carcass
CAR 2216 RAN HT,Carcass
CAR 2217 UX1,Carcass
CAR 2226 LEVI,Carcass
CAR 2227 UX1 EXP,Carcass
CAR 2237 ROYL,Carcass
CAR 2247 LEVI,Carcass
CAR 2256 ROYL,Carcass
CAR 2257 UX1,Carcass
CAR 2258 RAN HPE,Carcass
CAR 2266 RAN HT,Carcass
CAR 2267 ROYL HYU,Carcass
CAR 2267 ROYL PG,Carcass
CAR 2268 UX1,Carcass
CAR 2275 RAN A/T,Carcass
CAR 2276 RAN HT,Carcass
CAR 2277 RAN HT,Carcass
CAR 2287 LEVI,Carcass
CAR 2335 BLA XAT,Carcass
CAR 2337 BLA HT,Carcass
CAR 2338 EZO TOU,Carcass
CAR 2348 UX1,Carcass
CAR 2355 BRU,Carcass
CAR 2356 BLA HT,Carcass
CAR 2357 UX1,Carcass
CAR 2366 ROYL,Carcass
CAR 2367 RAN HT,Carcass
CAR 2367 RAN XATW,Carcass
CAR 2368 EZO TOU,Carcass
CAR 2368 RAN HT,Carcass
CAR 2375 RAN HT,Carcass
CAR 2375 RAN MT,Carcass
CAR 2408 UX1,Carcass
CAR 2417 UX1,Carcass
CAR 2428 LEVI,Carcass
CAR 2447 LEVI,Carcass
CAR 2448 UX1,Carcass
CAR 2455 RAN A/T,Carcass
CAR 2457 LEVI,Carcass
CAR 2458 RAN HPE,Carcass
CAR 2476 RAN HT2,Carcass
CAR 2476 RAN MT,Carcass
CAR 2476 SUP MM,Carcass
CAR 2506 BLA HT,Carcass
CAR 2516 ROYL,Carcass
CAR 2526 ROYL,Carcass
CAR 2526 ROYL PG,Carcass
CAR 2549 LEVI,Carcass
CAR 2556 ROYL,Carcass
CAR 2557 HPE KIA,Carcass
CAR 2557 UX1 EXP,Carcass
CAR 2565 UXT,Carcass
CAR 2567 EZO TOU,Carcass
CAR 2568 RAN AT,Carcass
CAR 2568 RAN ATB,Carcass
CAR 2568 RAN HT2,Tread
CAR 2568 RAN HTP,Carcass
CAR 2569 RAN AT,Carcass
CAR 2575 RAN A/T,Carcass
CAR 2576 EZO TATA,Carcass
CAR 2616 BLA HT,Carcass
CAR 2617 RAN XAT,Carcass
CAR 2618 RAN ATB,Carcass
CAR 2627 RAN HT,Carcass
CAR 2656 BLA HT,Carcass
CAR 2657 BLA HT,Carcass
CAR 2657 RAN HT,Carcass
CAR 2657 RAN XATW,Carcass
CAR 2658 RAN HTP,Carcass
CAR 2658 RAN XAT,Carcass
CAR 2666 RAN HT,Carcass
CAR 2667 RAN HT,Carcass
CAR 2667 RAN HT PG,Carcass
CAR 2668 RAN HTP,Carcass
CAR 2668 RAN XATW,Carcass
CAR 2676 RAN HT,Carcass
CAR 2676 RAN MT,Carcass
CAR 2677 RAN MT,Carcass
CAR 2716 BLA HT,Carcass
CAR 2737 LEVI,Carcass
CAR 2755 BLA HT,Carcass
CAR 2755 RAN BRT,Carcass
CAR 2756 RAN HT,Carcass
CAR 2775 RAN XAT,Carcass
CAR 2776 RAN AT,Carcass
CAR 2777 BLA HT,Carcass
CAR 2856 RAN MT,Carcass
CAR 3005 BLA XAT,Carcass
CAR 3105 RAN XAT,Carcass
CAR 3115 RAN,Carcass
CAR 3125 RAN MT,Carcass
CAR 3205 RAN XAT,Carcass
CAR 3215 BLA XAT,Carcass
CAR SUS 1765 ROYL,Carcass
CAR SUS 2156 ROYL,Carcass
CAR T1457 STAR,Carcass
CAR1458012NXTTL,Carcass
CAR1458012NXTTT,Carcass
CAR1658014TNDTL,Carcass
CAR1856515VECTL2S,Carcass
CAR2157515BRTLT,Carcass
CP 200,CALANDARED ROLL
CP31151,CALANDARED ROLL
CP56542,CALANDARED ROLL
CPJ114,CALANDARED ROLL
CPJ120,CALANDARED ROLL
CPJ121,CALANDARED ROLL
CPJ1218,CALANDARED ROLL
CPJ370,CALANDARED ROLL
CWBHI34,CALANDARED ROLL
CWBHT34S564,CALANDARED ROLL
CWBHT40S564,CALANDARED ROLL
CWBHTCP100,CALANDARED ROLL
CWBHTCP51,CALANDARED ROLL
CWBP60,CALANDARED ROLL
CWBP65,CALANDARED ROLL
CWCH30256,CALANDARED ROLL
ECOPOLY-EFA,CALANDARED ROLL
ECOPOLY1500,CALANDARED ROLL
ECOPOLY350,CALANDARED ROLL
EFA,FINAL COMPOUND
EFAFC,SMALL CHEMICAL
EFM,MASTER COMPOUND
EFMMC,SMALL CHEMICAL
EG01,Steel Belt Edge Strip
EG02,Steel Belt Edge Strip
EG03,Steel Belt Edge Strip
EG1.6MM,Inner Liner
EGSL01,Steel Belt Edge Strip
EGSL02,Steel Belt Edge Strip
EGSL03,Steel Belt Edge Strip
EHT1000,CALANDARED ROLL
EM100,MASTER COMPOUND
EM100MC,SMALL CHEMICAL
EM101,MASTER COMPOUND
EM102,MASTER COMPOUND
EM102MC,SMALL CHEMICAL
EM12,MASTER COMPOUND
EM12MC,SMALL CHEMICAL
EM1404,MASTER COMPOUND
EM151G,MASTER COMPOUND
EM151GMC,SMALL CHEMICAL
EM17,MASTER COMPOUND
EM173,MASTER COMPOUND
EM173MC,SMALL CHEMICAL
EM174,MASTER COMPOUND
EM17AMC,SMALL CHEMICAL
EM17BMC,SMALL CHEMICAL
EM183,MASTER COMPOUND
EM184,MASTER COMPOUND
EM184MC,SMALL CHEMICAL
EM185,MASTER COMPOUND
EM185AMC,SMALL CHEMICAL
EM185BMC,SMALL CHEMICAL
EM200,MASTER COMPOUND
EM2051,MASTER COMPOUND
EM2051AMC,SMALL CHEMICAL
EM2051BMC,SMALL CHEMICAL
EM24,MASTER COMPOUND
EM24MC,SMALL CHEMICAL
EM251G,MASTER COMPOUND
EM251GMC,SMALL CHEMICAL
EM33,MASTER COMPOUND
EM331,MASTER COMPOUND
EM331MC,SMALL CHEMICAL
EM332,MASTER COMPOUND
EM332MC,SMALL CHEMICAL
EM33MC,SMALL CHEMICAL
EM4023,MASTER COMPOUND
EM4023AMC,SMALL CHEMICAL
EM4023BMC,SMALL CHEMICAL
EM4024,MASTER COMPOUND
EM4024MC,SMALL CHEMICAL
EM441,MASTER COMPOUND
EM441MC,SMALL CHEMICAL
EM49,MASTER COMPOUND
EM492,MASTER COMPOUND
EM492MC,SMALL CHEMICAL
EM49AMC,SMALL CHEMICAL
EM49BMC,SMALL CHEMICAL
EM540,MASTER COMPOUND
EM540MC,SMALL CHEMICAL
EM5717,MASTER COMPOUND
EM5717MC,SMALL CHEMICAL
EM6,MASTER COMPOUND
EM603,MASTER COMPOUND
EM603AMC,SMALL CHEMICAL
EM603BMC,SMALL CHEMICAL
EM62,MASTER COMPOUND
EM627,MASTER COMPOUND
EM627MC,SMALL CHEMICAL
EM62MC,SMALL CHEMICAL
EM63,MASTER COMPOUND
EM637,MASTER COMPOUND
EM637AMC,SMALL CHEMICAL
EM637BMC,SMALL CHEMICAL
EM6381,MASTER COMPOUND
EM6381MC,SMALL CHEMICAL
EM6MC,SMALL CHEMICAL
EM70,MASTER COMPOUND
EM702,MASTER COMPOUND
EM702MC,SMALL CHEMICAL
EM70AMC,SMALL CHEMICAL
EM70BMC,SMALL CHEMICAL
EM712,MASTER COMPOUND
EM712MC,SMALL CHEMICAL
EM713,MASTER COMPOUND
EM713MC,SMALL CHEMICAL
EM8,MASTER COMPOUND
EM812,MASTER COMPOUND
EM812MC,SMALL CHEMICAL
EM8MC,SMALL CHEMICAL
EM94,MASTER COMPOUND
EM94MC,SMALL CHEMICAL
EMR48,MASTER COMPOUND
EMR48MC,SMALL CHEMICAL
EMR494,MASTER COMPOUND
EMR494MC,SMALL CHEMICAL
EMR495,MASTER COMPOUND
EMR496,MASTER COMPOUND
EMR56,MASTER COMPOUND
EMR5MC,SMALL CHEMICAL
EMR60,MASTER COMPOUND
EU034HI,CALANDARED ROLL
EU1031,FINAL COMPOUND
EU1031FC,SMALL CHEMICAL
EU107,FINAL COMPOUND
EU107FC,SMALL CHEMICAL
EU1133,FINAL COMPOUND
EU1133FC,SMALL CHEMICAL
EU1144,FINAL COMPOUND
EU176,FINAL COMPOUND
EU176FC,SMALL CHEMICAL
EU186,FINAL COMPOUND
EU186FC,SMALL CHEMICAL
EU2054,FINAL COMPOUND
EU2054FC,SMALL CHEMICAL
EU31151,CALANDARED ROLL
EU333,FINAL COMPOUND
EU333FC,SMALL CHEMICAL
EU3427FC,SMALL CHEMICAL
EU4026,FINAL COMPOUND
EU4026FC,SMALL CHEMICAL
EU4923,FINAL COMPOUND
EU4923FC,SMALL CHEMICAL
EU4965FC,SMALL CHEMICAL
EU500,CALANDARED ROLL
EU5245,FINAL COMPOUND
EU5245FC,SMALL CHEMICAL
EU5542,FINAL COMPOUND
EU5542FC,SMALL CHEMICAL
EU5606,FINAL COMPOUND
EU5606FC,SMALL CHEMICAL
EU56542,CALANDARED ROLL
EU5720FC,SMALL CHEMICAL
EU606,FINAL COMPOUND
EU606FC,SMALL CHEMICAL
EU635,FINAL COMPOUND
EU635FC,SMALL CHEMICAL
EU638,FINAL COMPOUND
EU638FC,SMALL CHEMICAL
EU639,FINAL COMPOUND
EU650,CALANDARED ROLL
EU6629,FINAL COMPOUND
EU6629FC,SMALL CHEMICAL
EU700,CALANDARED ROLL
EU71,FINAL COMPOUND
EU714,FINAL COMPOUND
EU714FC,SMALL CHEMICAL
EU715,FINAL COMPOUND
EU71FC,SMALL CHEMICAL
EU8246,SMALL CHEMICAL
EU8246FC,SMALL CHEMICAL
EU9496,FINAL COMPOUND
EU9496FC,SMALL CHEMICAL
EU96,FINAL COMPOUND
EU96FC,SMALL CHEMICAL
EU99,FINAL COMPOUND
EU99FC,SMALL CHEMICAL
EUB1-TBLT603,Steel Belt
EUB1-TBLT606,Steel Belt
EUB1-TBLT607,Steel Belt
EUB1-TBLT608,Steel Belt
EUB1-TBLT609,Steel Belt
EUB1-TBLT610,Steel Belt
EUB1-TBLT611,Steel Belt
EUB2-TBLT609,Steel Belt
EUB2-TBLT610,Steel Belt
EUB2-TBLT611,Steel Belt
EUB2-TBLT612,Steel Belt
EUB2-TBLT613,Steel Belt
EUB2-TBLT614,Steel Belt
EUB2-TBLT617,Steel Belt
EUB3-TBLT608,Steel Belt
EUB3-TBLT609,Steel Belt
EUB3-TBLT610,Steel Belt
EUB3-TBLT611,Steel Belt
EUB3-TBLT612,Steel Belt
EUB3-TBLT613,Steel Belt
EUB3-TBLT616,Steel Belt
EUB4-TBLT602,Steel Belt
EUB4-TBLT603,Steel Belt
EUB4-TBLT607,Steel Belt
EUB4-TBLT608,Steel Belt
EUB4-TBLT610,Steel Belt
EUB4-TBLT611,Steel Belt
EUB4-TBLT613,Steel Belt
EUB4-TBLT614,Steel Belt
EUB4-TBLT616,Rubberized Steel Belt
EUBCFT601,PRE CUT ROLL MATERIAL
EUBCFT603,PRE CUT ROLL MATERIAL
EUBCFT604,PRE CUT ROLL MATERIAL
EUBEF601,Steel Belt Edge Strip
EUBRTTL,CALANDARED ROLL
EUGUM STRIP,Steel Belt Edge Strip
EUL-STC604,Steel Belt
EUL-STC606,Steel Belt
EUR-STC604,Steel Belt
EUR-STC606,Steel Belt
EUSNCT601,SLITTED MATERIAL
EUSNCT602,SLITTED MATERIAL
EUSNCT603,SLITTED MATERIAL
EUSP603,SHOULDER PAD
EUSP701,SHOULDER PAD
EUSP703,SHOULDER PAD
EUSP704,SHOULDER PAD
EUSP705,SHOULDER PAD
EUSP706,SHOULDER PAD
EUSQ-608,Inner Liner
EUSQ-609,Inner Liner
EUSQ-610,Inner Liner
EUSQ-612,Inner Liner
EUSQ-613,Inner Liner
EUSQ-614,Inner Liner
EUSQ-615,Inner Liner
EUSQ-616,Inner Liner
EUSQ-617,Inner Liner
EUSQ-619,Inner Liner
EUSTC-WRAP,SLITTED MATERIAL
EUTB BELT WRAP,Steel Belt Edge Strip
EUTBAPBD606,Bead Apex
EUTBAPBD607,Bead Apex
EUTBAPBD608,Bead Apex
EUTBAPBD609,Bead Apex
EUTBAPBD610,Bead Apex
EUTBP610,Rubberized Ply
EUTBP612,Rubberized Ply
EUTBP613,Rubberized Ply
EUTBP614,Rubberized Ply
EUTBP616,Rubberized Ply
EUTBP617,Rubberized Ply
EUTBP618,Rubberized Ply
EUTBP619,Rubberized Ply
EUTBP620,Rubberized Ply
EUTBP621,Rubberized Ply
EUTBP623,Rubberized Ply
EUTBP630,Rubberized Ply
EUTBP631,Rubberized Ply
EUTBP636,Rubberized Ply
EUTBPGUM,Steel Belt Edge Strip
EUTEG-01,Steel Belt Edge Strip
EUTEG-02,Steel Belt Edge Strip
EUTEG-03,Steel Belt Edge Strip
EUTIL-608,Inner Liner
EUTIL-609,Inner Liner
EUTIL-610,Inner Liner
EUTIL-612,Inner Liner
EUTIL-613,Inner Liner
EUTIL-614,Inner Liner
EUTIL-615,Inner Liner
EUTIL-616,Inner Liner
EUTIL-617,Inner Liner
EUTIL-619,Inner Liner
EUTPA-607,Pre-Assembly
EUTPA-611,Pre-Assembly
EUTPA-612,Pre-Assembly
EUTPA-613,Pre-Assembly
EUTPA-614,Pre-Assembly
EUTPA-615,Pre-Assembly
EUTPA-617,Pre-Assembly
EUTPA-623,Pre-Assembly
EUTPA-625,Pre-Assembly
EUTPA-627,Pre-Assembly
EUTSW-606,SideWall
EUTSW-607,SideWall
EUTSW-608,SideWall
EUTSW-611,SideWall
EUTSW-613,SideWall
EUTSW-614,SideWall
EXM103,MASTER COMPOUND
EXM103MC,SMALL CHEMICAL
EXM175,MASTER COMPOUND
EXM175MC,SMALL CHEMICAL
EXM2052,MASTER COMPOUND
EXM2053,MASTER COMPOUND
EXM244,MASTER COMPOUND
EXM245,MASTER COMPOUND
EXM34,MASTER COMPOUND
EXM351G,MASTER COMPOUND
EXM351GMC,SMALL CHEMICAL
EXM4025,MASTER COMPOUND
EXM441,SMALL CHEMICAL
EXM493,MASTER COMPOUND
EXM493RP1,MASTER COMPOUND
EXM541,MASTER COMPOUND
EXM544,MASTER COMPOUND
EXM5718,MASTER COMPOUND
EXM5719,MASTER COMPOUND
EXM604,MASTER COMPOUND
EXM6628,MASTER COMPOUND
EXM714,MASTER COMPOUND
EXM714MC,SMALL CHEMICAL
EXM834,MASTER COMPOUND
EXM95,MASTER COMPOUND
EXM95MC,SMALL CHEMICAL
EXM98,MASTER COMPOUND
EXM98MC,SMALL CHEMICAL
FILLIPER2,SLITTED MATERIAL
FLATB12707,Steel Belt Edge Strip
GB12,FINAL COMPOUND
GB1218,CALANDARED ROLL
GB12FC,SMALL CHEMICAL
GB30,FINAL COMPOUND
GB30FC,SMALL CHEMICAL
GB35,FINAL COMPOUND
GB35FC,SMALL CHEMICAL
GB37,FINAL COMPOUND
GB37FC,SMALL CHEMICAL
GB46FC,SMALL CHEMICAL
GB58,FINAL COMPOUND
GB58FC,SMALL CHEMICAL
GB61,FINAL COMPOUND
GB61FC,SMALL CHEMICAL
GB81,FINAL COMPOUND
GB81FC,SMALL CHEMICAL
GBCAP20,CALANDARED ROLL
GBPOLY,CALANDARED ROLL
GH10,FINAL COMPOUND
GH10FC,SMALL CHEMICAL
GL6,FINAL COMPOUND
GL6FC,SMALL CHEMICAL
GR12,FINAL COMPOUND
GR12FC,SMALL CHEMICAL
GR59,FINAL COMPOUND
GR59FC,SMALL CHEMICAL
GS44,FINAL COMPOUND
GS44FC,SMALL CHEMICAL
GS46,FINAL COMPOUND
GS46FC,SMALL CHEMICAL
GT18,FINAL COMPOUND
GT18FC,SMALL CHEMICAL
GT43,FINAL COMPOUND
GT43FC,SMALL CHEMICAL
GT55,FINAL COMPOUND
GT55FC,SMALL CHEMICAL
GT72,FINAL COMPOUND
GT72FC,SMALL CHEMICAL
GT85,FINAL COMPOUND
GT85FC,SMALL CHEMICAL
GUM STRIP,Rubberized Ply
HIRAD,CALANDARED ROLL
HS106,FINAL COMPOUND
HS106FC,SMALL CHEMICAL
HS108,FINAL COMPOUND
HS108FC,SMALL CHEMICAL
HS111FC,SMALL CHEMICAL
HSA305,FINAL COMPOUND
HSA305FC,SMALL CHEMICAL
HSM305,MASTER COMPOUND
HSM305AMC,SMALL CHEMICAL
HSM305BMC,SMALL CHEMICAL
HTPOLY1300,CALANDARED ROLL
HTPOLY2000,CALANDARED ROLL
HTPOLY350,CALANDARED ROLL
IL 1462 NXT,Inner Liner
IL 1482 NXT,Inner Liner
IL 1684 TOR MARUTI,Inner Liner
IL 1865 VEC NISSAN,Inner Liner
IL 2155 BRU,Inner Liner
IL001,Inner Liner
IL002,Inner Liner
IL003,Inner Liner
IL004,Inner Liner
IL005,Inner Liner
IL006,Inner Liner
IL007,Inner Liner
IL008,Inner Liner
IL009,Inner Liner
IL010,Inner Liner
IL011,Inner Liner
IL012,Inner Liner
IL013,Inner Liner
IL014,Inner Liner
IL015,Inner Liner
IL016,Inner Liner
IL017,Inner Liner
IL018,Inner Liner
IL019,Inner Liner
IL020,Inner Liner
IL021,Inner Liner
IL022,Inner Liner
IL023,Inner Liner
IL024,Inner Liner
IL025,Inner Liner
IL026,Inner Liner
IL027,Inner Liner
IL028,Inner Liner
IL029,Inner Liner
IL030,Inner Liner
IL031,Inner Liner
IL032,Inner Liner
IL033,Inner Liner
IL034,Inner Liner
IL035,Inner Liner
IL036,Inner Liner
IL037,Inner Liner
IL038,Inner Liner
IL039,Inner Liner
IL040,Inner Liner
IL041,Inner Liner
IL042,Inner Liner
IL043,Inner Liner
IL044,Inner Liner
IL045,Inner Liner
IL046,Inner Liner
IL047,Inner Liner
IL048,Inner Liner
IL049,Inner Liner
IL050,Inner Liner
IL051,Inner Liner
IL052,Inner Liner
IL053,Inner Liner
IL054,Inner Liner
IL055,Inner Liner
IL056,Inner Liner
IL057,Inner Liner
IL058,Inner Liner
IL059,Inner Liner
IL060,Inner Liner
IL061,Inner Liner
IL062,Inner Liner
IL063,Inner Liner
IL064,Inner Liner
IL065,Inner Liner
IL066,Inner Liner
IL067,Inner Liner
IL068,Inner Liner
IL069,Inner Liner
IL070,Inner Liner
IL074,Inner Liner
IL075,Inner Liner
IL077,Inner Liner
IL078,Inner Liner
IL079,Inner Liner
IL080,Inner Liner
IL081,Inner Liner
IL082,Inner Liner
IL083,Inner Liner
IL084,Inner Liner
IL085,Inner Liner
IL086,Inner Liner
IL087,Inner Liner
IL088,Inner Liner
IL089,Inner Liner
IL090,Inner Liner
IL091,Inner Liner
IL092,Inner Liner
IL093,Inner Liner
IL094,Inner Liner
IL095,Inner Liner
IL3,FINAL COMPOUND
IL3FC,SMALL CHEMICAL
IL5,FINAL COMPOUND
IL5FC,SMALL CHEMICAL
JT444,FINAL COMPOUND
JT444FC,SMALL CHEMICAL
JT466,FINAL COMPOUND
JT466FC,SMALL CHEMICAL
JT488,FINAL COMPOUND
JV06,FINAL COMPOUND
JV06FC,SMALL CHEMICAL
L-STC001,Steel Belt
L-STC002,Steel Belt
L-STC003,Steel Belt
L-STC004,Steel Belt
L-STC006,Steel Belt
L-STC007,Steel Belt
M1GB12,MASTER COMPOUND
M1GB12MC,SMALL CHEMICAL
M1GB30,MASTER COMPOUND
M1GB30MC,SMALL CHEMICAL
M1GB35,MASTER COMPOUND
M1GB35MC,SMALL CHEMICAL
M1GB37,MASTER COMPOUND
M1GB37MC,SMALL CHEMICAL
M1GB58,MASTER COMPOUND
M1GB58MC,SMALL CHEMICAL
M1GB61,MASTER COMPOUND
M1GB61MC,SMALL CHEMICAL
M1GB80,MASTER COMPOUND
M1GH10,MASTER COMPOUND
M1GH10AMC,SMALL CHEMICAL
M1GH10BMC,SMALL CHEMICAL
M1GR12,MASTER COMPOUND
M1GR12MC,SMALL CHEMICAL
M1GR59,MASTER COMPOUND
M1GR59AMC,SMALL CHEMICAL
M1GR59BMC,SMALL CHEMICAL
M1GT55,MASTER COMPOUND
M1GT55MC,SMALL CHEMICAL
M1GT72,MASTER COMPOUND
M1GT72AMC,SMALL CHEMICAL
M1GT72BMC,SMALL CHEMICAL
M1GT83,MASTER COMPOUND
M1GT83MC,SMALL CHEMICAL
M1PCRT15,MASTER COMPOUND
M1PCRT15MC,SMALL CHEMICAL
M1PCRT2,MASTER COMPOUND
M1PCRT2MC,SMALL CHEMICAL
M2GB12,MASTER COMPOUND
M2GB30,MASTER COMPOUND
M2GB35,MASTER COMPOUND
M2GB37,MASTER COMPOUND
M2GB37MC,SMALL CHEMICAL
M2GB58,MASTER COMPOUND
M2GB58MC,SMALL CHEMICAL
M2GB80,MASTER COMPOUND
M2GH10,MASTER COMPOUND
M2GH10MC,SMALL CHEMICAL
M2GR12,MASTER COMPOUND
M2GR12MC,SMALL CHEMICAL
M2GR59,MASTER COMPOUND
M2GR59MC,SMALL CHEMICAL
M2GT55,MASTER COMPOUND
M2GT55MC,SMALL CHEMICAL
M2GT72,MASTER COMPOUND
M2GT84,MASTER COMPOUND
M2MB58,MASTER COMPOUND
M2MB58MC,SMALL CHEMICAL
M2PCRT15,MASTER COMPOUND
M2PCRT15MC,SMALL CHEMICAL
M2PCRT2,MASTER COMPOUND
M3GH10,MASTER COMPOUND
M3GT84RP,MASTER COMPOUND
M3MB59,MASTER COMPOUND
M3MB59MC,SMALL CHEMICAL
M3XGB37,MASTER COMPOUND
M4GH10,MASTER COMPOUND
MA101,MASTER COMPOUND
MA101MC,SMALL CHEMICAL
MA102,MASTER COMPOUND
MA102MC,SMALL CHEMICAL
MA133,MASTER COMPOUND
MA133MC,SMALL CHEMICAL
MA32,MASTER COMPOUND
MA32MC,SMALL CHEMICAL
MA441,MASTER COMPOUND
MA441MC,SMALL CHEMICAL
MA540,MASTER COMPOUND
MA540MC,SMALL CHEMICAL
MB100,MASTER COMPOUND
MB100MC,SMALL CHEMICAL
MB104,MASTER COMPOUND
MB104MC,SMALL CHEMICAL
MB1164,MASTER COMPOUND
MB1232,MASTER COMPOUND
MB1232MC,SMALL CHEMICAL
MB151G,MASTER COMPOUND
MB151GMC,SMALL CHEMICAL
MB163,MASTER COMPOUND
MB163MC,SMALL CHEMICAL
MB164,MASTER COMPOUND
MB173,MASTER COMPOUND
MB173MC,SMALL CHEMICAL
MB174,MASTER COMPOUND
MB1743,MASTER COMPOUND
MB1743AMC,SMALL CHEMICAL
MB1743BMC,SMALL CHEMICAL
MB183,MASTER COMPOUND
MB184,MASTER COMPOUND
MB184MC,SMALL CHEMICAL
MB185,MASTER COMPOUND
MB185AMC,SMALL CHEMICAL
MB185BMC,SMALL CHEMICAL
MB192,MASTER COMPOUND
MB193,MASTER COMPOUND
MB193MC,SMALL CHEMICAL
MB200,MASTER COMPOUND
MB208,MASTER COMPOUND
MB208MC,SMALL CHEMICAL
MB230,MASTER COMPOUND
MB230MC,SMALL CHEMICAL
MB231,MASTER COMPOUND
MB231MC,SMALL CHEMICAL
MB251G,MASTER COMPOUND
MB251GMC,SMALL CHEMICAL
MB2868,MASTER COMPOUND
MB2868MC,SMALL CHEMICAL
MB33,MASTER COMPOUND
MB331,MASTER COMPOUND
MB331MC,SMALL CHEMICAL
MB339,MASTER COMPOUND
MB339MC,SMALL CHEMICAL
MB33MC,SMALL CHEMICAL
MB348,MASTER COMPOUND
MB348MC,SMALL CHEMICAL
MB352,MASTER COMPOUND
MB352MC,SMALL CHEMICAL
MB357,MASTER COMPOUND
MB357MC,SMALL CHEMICAL
MB390,MASTER COMPOUND
MB390MC,SMALL CHEMICAL
MB400,MASTER COMPOUND
MB400MC,SMALL CHEMICAL
MB440,MASTER COMPOUND
MB440MC,SMALL CHEMICAL
MB45,MASTER COMPOUND
MB45MC,SMALL CHEMICAL
MB57,MASTER COMPOUND
MB57MC,SMALL CHEMICAL
MB603,MASTER COMPOUND
MB603AMC,SMALL CHEMICAL
MB603BMC,SMALL CHEMICAL
MB614,MASTER COMPOUND
MB614MC,SMALL CHEMICAL
MB712,MASTER COMPOUND
MB712MC,SMALL CHEMICAL
MB713,MASTER COMPOUND
MB713MC,SMALL CHEMICAL
MB721,MASTER COMPOUND
MB722,MASTER COMPOUND
MB723,MASTER COMPOUND
MB802,MASTER COMPOUND
MB802MC,SMALL CHEMICAL
MB813,MASTER COMPOUND
MB91,MASTER COMPOUND
MB91MC,SMALL CHEMICAL
MB94,MASTER COMPOUND
MB94MC,SMALL CHEMICAL
MB95MC,SMALL CHEMICAL
MGB78,MASTER COMPOUND
MGB78MC,SMALL CHEMICAL
MGB79,MASTER COMPOUND
MGL5,MASTER COMPOUND
MGL5MC,SMALL CHEMICAL
MGS44,MASTER COMPOUND
MGS44AMC,SMALL CHEMICAL
MGS44BMC,SMALL CHEMICAL
MGS46,MASTER COMPOUND
MGS46AMC,SMALL CHEMICAL
MGS46BMC,SMALL CHEMICAL
MGT18,MASTER COMPOUND
MGT18MC,SMALL CHEMICAL
MGT43,MASTER COMPOUND
MGT43MC,SMALL CHEMICAL
MJV05,MASTER COMPOUND
MJV05MC,SMALL CHEMICAL
ML405,MASTER COMPOUND
ML405AMC,SMALL CHEMICAL
ML405BMC,SMALL CHEMICAL
ML405MC,SMALL CHEMICAL
ML605,MASTER COMPOUND
ML605MC,SMALL CHEMICAL
MONOCHAF120,SLITTED MATERIAL
MONOCHAF80,SLITTED MATERIAL
MONOCHAFER,CALANDARED ROLL
MR118,MASTER COMPOUND
MR118MC,SMALL CHEMICAL
MR119,MASTER COMPOUND
MR119MC,SMALL CHEMICAL
MR128,MASTER COMPOUND
MR128MC,SMALL CHEMICAL
MR129,MASTER COMPOUND
MR129MC,SMALL CHEMICAL
MR156,MASTER COMPOUND
MR156AMC,SMALL CHEMICAL
MR156BMC,SMALL CHEMICAL
MR157,MASTER COMPOUND
MR157MC,SMALL CHEMICAL
MR48,MASTER COMPOUND
MR48MC,SMALL CHEMICAL
MR494,MASTER COMPOUND
MR494MC,SMALL CHEMICAL
MR495,MASTER COMPOUND
MR5,MASTER COMPOUND
MR56,MASTER COMPOUND
MR560,MASTER COMPOUND
MR56MC,SMALL CHEMICAL
MR5MC,SMALL CHEMICAL
MS101,MASTER COMPOUND
MS101AMC,SMALL CHEMICAL
MS101BMC,SMALL CHEMICAL
MS1036,MASTER COMPOUND
MS1036MC,SMALL CHEMICAL
MS105,MASTER COMPOUND
MS105AMC,SMALL CHEMICAL
MS105BMC,SMALL CHEMICAL
MS1066,MASTER COMPOUND
MS1066FC,SMALL CHEMICAL
MS145,MASTER COMPOUND
MS145MC,SMALL CHEMICAL
MS146,MASTER COMPOUND
MS146MC,SMALL CHEMICAL
MS43,MASTER COMPOUND
MS43AMC,SMALL CHEMICAL
MS43BMC,SMALL CHEMICAL
MS44,MASTER COMPOUND
MS44MC,SMALL CHEMICAL
MS65,MASTER COMPOUND
MS65MC,SMALL CHEMICAL
MS66,MASTER COMPOUND
MS66MC,SMALL CHEMICAL
MS70,MASTER COMPOUND
MS70AMC,SMALL CHEMICAL
MS70BMC,SMALL CHEMICAL
MT1102,MASTER COMPOUND
MT1102MC,SMALL CHEMICAL
MT1163,MASTER COMPOUND
MT1188,MASTER COMPOUND
MT12,MASTER COMPOUND
MT12MC,SMALL CHEMICAL
MT1300,MASTER COMPOUND
MT1300MC,SMALL CHEMICAL
MT1400,MASTER COMPOUND
MT1400MC,SMALL CHEMICAL
MT1404,MASTER COMPOUND
MT1415,MASTER COMPOUND
MT1415MC,SMALL CHEMICAL
MT1462,MASTER COMPOUND
MT1462AMC,SMALL CHEMICAL
MT1462BMC,SMALL CHEMICAL
MT153X,MASTER COMPOUND
MT153XMC,SMALL CHEMICAL
MT1540AMC,SMALL CHEMICAL
MT1540BMC,SMALL CHEMICAL
MT1552,MASTER COMPOUND
MT1552MC,SMALL CHEMICAL
MT1663,MASTER COMPOUND
MT1663MC,SMALL CHEMICAL
MT1664,MASTER COMPOUND
MT1664MC,SMALL CHEMICAL
MT17,MASTER COMPOUND
MT17AMC,SMALL CHEMICAL
MT17BMC,SMALL CHEMICAL
MT181,MASTER COMPOUND
MT181MC,SMALL CHEMICAL
MT2004,MASTER COMPOUND
MT2004AMC,SMALL CHEMICAL
MT2004BMC,SMALL CHEMICAL
MT2051,MASTER COMPOUND
MT2051MC,SMALL CHEMICAL
MT2202,MASTER COMPOUND
MT2202MC,SMALL CHEMICAL
MT2348,MASTER COMPOUND
MT2348MC,SMALL CHEMICAL
MT2349,MASTER COMPOUND
MT2349MC,SMALL CHEMICAL
MT2350,MASTER COMPOUND
MT2350MC,SMALL CHEMICAL
MT24,MASTER COMPOUND
MT24MC,SMALL CHEMICAL
MT2613,MASTER COMPOUND
MT273M,MASTER COMPOUND
MT273MMC,SMALL CHEMICAL
MT2779,MASTER COMPOUND
MT2779MC,SMALL CHEMICAL
MT2780,MASTER COMPOUND
MT2780MC,SMALL CHEMICAL
MT2826,MASTER COMPOUND
MT2826AMC,SMALL CHEMICAL
MT2826BMC,SMALL CHEMICAL
MT2827MC,SMALL CHEMICAL
MT3018,MASTER COMPOUND
MT3018AMC,SMALL CHEMICAL
MT3018BMC,SMALL CHEMICAL
MT3019MC,SMALL CHEMICAL
MT3043,MASTER COMPOUND
MT3043MC,SMALL CHEMICAL
MT3044,MASTER COMPOUND
MT34,MASTER COMPOUND
MT3704,MASTER COMPOUND
MT3704AMC,SMALL CHEMICAL
MT3704BMC,SMALL CHEMICAL
MT374,MASTER COMPOUND
MT374MC,SMALL CHEMICAL
MT375,MASTER COMPOUND
MT375MC,SMALL CHEMICAL
MT4013,MASTER COMPOUND
MT4013AMC,SMALL CHEMICAL
MT4014,MASTER COMPOUND
MT4014MC,SMALL CHEMICAL
MT4023,MASTER COMPOUND
MT4023AMC,SMALL CHEMICAL
MT4023BMC,SMALL CHEMICAL
MT4024,MASTER COMPOUND
MT4024MC,SMALL CHEMICAL
MT4028,MASTER COMPOUND
MT4028AMC,SMALL CHEMICAL
MT4028BMC,SMALL CHEMICAL
MT4029,MASTER COMPOUND
MT4029MC,SMALL CHEMICAL
MT404,MASTER COMPOUND
MT404AMC,SMALL CHEMICAL
MT404BMC,SMALL CHEMICAL
MT405,MASTER COMPOUND
MT405MC,SMALL CHEMICAL
MT4073,MASTER COMPOUND
MT4073MC,SMALL CHEMICAL
MT4074,MASTER COMPOUND
MT4074MC,SMALL CHEMICAL
MT4085,MASTER COMPOUND
MT4085MC,SMALL CHEMICAL
MT4086,MASTER COMPOUND
MT4237,MASTER COMPOUND
MT4237AMC,SMALL CHEMICAL
MT4237BMC,SMALL CHEMICAL
MT4320,MASTER COMPOUND
MT4320MC,SMALL CHEMICAL
MT4325,MASTER COMPOUND
MT4333H,MASTER COMPOUND
MT4333HMC,SMALL CHEMICAL
MT4362,MASTER COMPOUND
MT4362MC,SMALL CHEMICAL
MT4364,MASTER COMPOUND
MT4364AMC,SMALL CHEMICAL
MT4364BMC,SMALL CHEMICAL
MT4374,MASTER COMPOUND
MT4374MC,SMALL CHEMICAL
MT4375,MASTER COMPOUND
MT4375MC,SMALL CHEMICAL
MT4410,MASTER COMPOUND
MT4410MC,SMALL CHEMICAL
MT4444H,MASTER COMPOUND
MT4444HMC,SMALL CHEMICAL
MT4560,MASTER COMPOUND
MT4561,MASTER COMPOUND
MT4577,MASTER COMPOUND
MT4630,MASTER COMPOUND
MT4630AMC,SMALL CHEMICAL
MT4630BMC,SMALL CHEMICAL
MT4631,MASTER COMPOUND
MT4631MC,SMALL CHEMICAL
MT4705,MASTER COMPOUND
MT4705AMC,SMALL CHEMICAL
MT4705BMC,SMALL CHEMICAL
MT4720,MASTER COMPOUND
MT4720MC,SMALL CHEMICAL
MT4831,MASTER COMPOUND
MT4831MC,SMALL CHEMICAL
MT49,MASTER COMPOUND
MT492,MASTER COMPOUND
MT492MC,SMALL CHEMICAL
MT49AMC,SMALL CHEMICAL
MT49BMC,SMALL CHEMICAL
MT507,MASTER COMPOUND
MT507MC,SMALL CHEMICAL
MT5651,MASTER COMPOUND
MT5651MC,SMALL CHEMICAL
MT5652,MASTER COMPOUND
MT5652MC,SMALL CHEMICAL
MT571,MASTER COMPOUND
MT5717,MASTER COMPOUND
MT5717MC,SMALL CHEMICAL
MT571MC,SMALL CHEMICAL
MT5750,MASTER COMPOUND
MT5750AMC,SMALL CHEMICAL
MT5750BMC,SMALL CHEMICAL
MT594,MASTER COMPOUND
MT6,MASTER COMPOUND
MT62,MASTER COMPOUND
MT627,MASTER COMPOUND
MT627MC,SMALL CHEMICAL
MT62MC,SMALL CHEMICAL
MT63,MASTER COMPOUND
MT637,MASTER COMPOUND
MT637MC,SMALL CHEMICAL
MT6381,MASTER COMPOUND
MT6381MC,SMALL CHEMICAL
MT6381RP,MASTER COMPOUND
MT658,MASTER COMPOUND
MT6580,MASTER COMPOUND
MT6580RP,MASTER COMPOUND
MT658AMC,SMALL CHEMICAL
MT658BMC,SMALL CHEMICAL
MT6MC,SMALL CHEMICAL
MT702,MASTER COMPOUND
MT702MC,SMALL CHEMICAL
MT7108,MASTER COMPOUND
MT7108AMC,SMALL CHEMICAL
MT7108BMC,SMALL CHEMICAL
MT7203,MASTER COMPOUND
MT7203MC,SMALL CHEMICAL
MT7211,MASTER COMPOUND
MT7218,MASTER COMPOUND
MT7218AMC,SMALL CHEMICAL
MT7218BMC,SMALL CHEMICAL
MT7232,MASTER COMPOUND
MT7232AMC,SMALL CHEMICAL
MT7232BMC,SMALL CHEMICAL
MT7245,MASTER COMPOUND
MT7245AMC,SMALL CHEMICAL
MT7245BMC,SMALL CHEMICAL
MT8,MASTER COMPOUND
MT812,MASTER COMPOUND
MT8AMC,SMALL CHEMICAL
MT8BMC,SMALL CHEMICAL
MT942,MASTER COMPOUND
MT942AMC,SMALL CHEMICAL
MT942BMC,SMALL CHEMICAL
MT9604,MASTER COMPOUND
MT9604AMC,SMALL CHEMICAL
MT9604BMC,SMALL CHEMICAL
MT9605,MASTER COMPOUND
MT9605MC,SMALL CHEMICAL
MT9637,MASTER COMPOUND
MT9637AMC,SMALL CHEMICAL
MT9637BMC,SMALL CHEMICAL
MT9638,MASTER COMPOUND
MT9638MC,SMALL CHEMICAL
MT982,MASTER COMPOUND
MT982MC,SMALL CHEMICAL
MT983,MASTER COMPOUND
MT983MC,SMALL CHEMICAL
MTCM313,MASTER COMPOUND
MTS7,MASTER COMPOUND
MTS75,MASTER COMPOUND
MTS7MC,SMALL CHEMICAL
NOT APPLICABLE,Ply
NYDBCHF,SLITTED MATERIAL
NYLCHAFER CUT 440,PRE CUT ROLL MATERIAL
NYLON23-02,SLITTED MATERIAL
NYLRAD,CALANDARED ROLL
PBP01,Ply
PBP02,Ply
PBP03,Ply
PBP04,Ply
PBP05,Ply
PBP06,Ply
PBP07,Ply
PBP08,Ply
PBP09,Ply
PBP10,Ply
PBP100,Ply
PBP101,Ply
PBP102,Ply
PBP103,Ply
PBP104,Ply
PBP105,Ply
PBP106,Ply
PBP107,Ply
PBP108,Ply
PBP109,Ply
PBP11,Ply
PBP110,Ply
PBP111,Ply
PBP112,Ply
PBP113,Ply
PBP114,Ply
PBP115,Ply
PBP116,Ply
PBP117,Ply
PBP118,Ply
PBP119,Ply
PBP12,Ply
PBP120,Ply
PBP121,Ply
PBP122,Ply
PBP123,Ply
PBP124,Ply
PBP125,Ply
PBP126,Ply
PBP127,Ply
PBP13,Ply
PBP130,Ply
PBP132,Ply
PBP133,Ply
PBP135,Ply
PBP136,Ply
PBP137,Ply
PBP138,Ply
PBP139,Ply
PBP14,Ply
PBP140,Ply
PBP141,Ply
PBP142,Ply
PBP143,Ply
PBP144,Ply
PBP145,Ply
PBP146,Ply
PBP147,Ply
PBP148,Ply
PBP149,Ply
PBP15,Ply
PBP150,Ply
PBP151,Ply
PBP152,Ply
PBP16,Ply
PBP17,Ply
PBP18,Ply
PBP19,Ply
PBP21,Ply
PBP22,Ply
PBP24,Ply
PBP25,Ply
PBP26,Ply
PBP27,Ply
PBP28,Ply
PBP29,Ply
PBP30,Ply
PBP31,Ply
PBP33,Ply
PBP34,Ply
PBP35,Ply
PBP36,Ply
PBP37,Ply
PBP38,Ply
PBP39,Ply
PBP40,Ply
PBP42,Ply
PBP43,Ply
PBP45,Ply
PBP46,Ply
PBP47,Ply
PBP48,Ply
PBP49,Ply
PBP50,Ply
PBP51,Ply
PBP52,Ply
PBP53,Ply
PBP54,Ply
PBP55,Ply
PBP56,Ply
PBP57,Ply
PBP58,Ply
PBP59,Ply
PBP60,Ply
PBP62,Ply
PBP63,Ply
PBP64,Ply
PBP65,Ply
PBP67,Ply
PBP68,Ply
PBP70,Ply
PBP71,Ply
PBP73,Ply
PBP74,Ply
PBP75,Ply
PBP76,Ply
PBP77,Ply
PBP78,Ply
PBP79,Ply
PBP80,Ply
PBP81,Ply
PBP83,Ply
PBP84,Ply
PBP87,Ply
PBP88,Ply
PBP89,Ply
PBP91,Ply
PBP92,Ply
PBP93,Ply
PBP94,Ply
PBP95,Ply
PBP96,Ply
PBP97,Ply
PBP98,Ply
PBP99,Ply
PCRT15,FINAL COMPOUND
PCRT15FC,SMALL CHEMICAL
PCRT2,FINAL COMPOUND
PCRT2FC,SMALL CHEMICAL
PLY1  1684 TOR,Ply
PLY1  2155 BRU,Ply
PLY1 1462 NXT,Ply
PLY1 1482 NXT,Ply
PLY1 1865 VEC,Ply
PLY2  2155 BRU,Ply
PLYTEC,CALANDARED ROLL
POLYESTER,Ply
R-STC001,Steel Belt
R-STC002,Steel Belt
R-STC003,Steel Belt
R-STC004,Steel Belt
R-STC006,Steel Belt
R-STC007,Steel Belt
R120,FINAL COMPOUND
R120FC,SMALL CHEMICAL
R130,FINAL COMPOUND
R130FC,SMALL CHEMICAL
R158,FINAL COMPOUND
R158FC,SMALL CHEMICAL
R4965,FINAL COMPOUND
R4965FC,SMALL CHEMICAL
R5606,FINAL COMPOUND
R5606FC,SMALL CHEMICAL
S36,FINAL COMPOUND
S36FC,SMALL CHEMICAL
S45,FINAL COMPOUND
S45FC,SMALL CHEMICAL
S46,FINAL COMPOUND
S46FC,SMALL CHEMICAL
S53,FINAL COMPOUND
S53FC,SMALL CHEMICAL
S54,FINAL COMPOUND
S54A,MASTER COMPOUND
S54AMC,SMALL CHEMICAL
S54AR,MASTER COMPOUND
S54AR RP,MASTER COMPOUND
S54ARMC,SMALL CHEMICAL
S54B,MASTER COMPOUND
S54BMC,SMALL CHEMICAL
S54FC,SMALL CHEMICAL
S71,FINAL COMPOUND
S71FC,SMALL CHEMICAL
SA15001,Bead Apex
SA16001,Bead Apex
SBP01,Ply
SIL01,Inner Liner
SIL03,Inner Liner
SNCT001,SLITTED MATERIAL
SNCT002,SLITTED MATERIAL
SNCT003,SLITTED MATERIAL
SNCT004,SLITTED MATERIAL
SP001,SHOULDER PAD
SP002,SHOULDER PAD
SP003,SHOULDER PAD
SP004,SHOULDER PAD
SP005,SHOULDER PAD
SP006,SHOULDER PAD
SP007,SHOULDER PAD
SP008,SHOULDER PAD
SP009,SHOULDER PAD
SPB02,Ply
SQ-001,Inner Liner
SQ-002,Inner Liner
SQ-003,Inner Liner
SQ-005,Inner Liner
SQ-006,Inner Liner
SQ-007,Inner Liner
SQ-008,Inner Liner
SQ-009,Inner Liner
SQ-010,Inner Liner
SQ-012,Inner Liner
SQ-013,Inner Liner
SQ-014,Inner Liner
SQ-015,Inner Liner
SQ-016,Inner Liner
SQ-017,Inner Liner
SQ-018,Inner Liner
SQ-019,Inner Liner
SQ-020,Inner Liner
SQ-021,Inner Liner
SQ-022,Inner Liner
STC WRAP 58,SLITTED MATERIAL
STC-001,Steel Belt
STC-002,Steel Belt
STC-WRAP,Steel Belt Edge Strip
SUSSW01,SideWall
SUSSW02,SideWall
SW15001,Bead Bundle
SWRS01,SideWall
SWRS02,SideWall
SWRS03,SideWall
SWRS04,SideWall
SWRS05,SideWall
SWRS07,SideWall
SWRS08,SideWall
SWRS09,SideWall
SWRS10,SideWall
SWRS100,SideWall
SWRS101,SideWall
SWRS102,SideWall
SWRS103,SideWall
SWRS105,SideWall
SWRS106,SideWall
SWRS107,SideWall
SWRS108,SideWall
SWRS109,SideWall
SWRS11,SideWall
SWRS110,SideWall
SWRS111,SideWall
SWRS112,SideWall
SWRS115,SideWall
SWRS116,SideWall
SWRS117,SideWall
SWRS118,SideWall
SWRS119,SideWall
SWRS12,SideWall
SWRS120,SideWall
SWRS121,SideWall
SWRS122,SideWall
SWRS123,SideWall
SWRS124,SideWall
SWRS125,SideWall
SWRS126,SideWall
SWRS127,SideWall
SWRS128,SideWall
SWRS129,SideWall
SWRS13,SideWall
SWRS131,SideWall
SWRS132,SideWall
SWRS133,SideWall
SWRS134,SideWall
SWRS135,SideWall
SWRS136,SideWall
SWRS14,SideWall
SWRS140,SideWall
SWRS15,SideWall
SWRS16,SideWall
SWRS170,SideWall
SWRS18,SideWall
SWRS19,SideWall
SWRS20,SideWall
SWRS21,SideWall
SWRS22,SideWall
SWRS23,SideWall
SWRS24,SideWall
SWRS25,SideWall
SWRS26,SideWall
SWRS27,SideWall
SWRS29,SideWall
SWRS30,SideWall
SWRS31,SideWall
SWRS33,SideWall
SWRS34,SideWall
SWRS35,SideWall
SWRS36,SideWall
SWRS37,SideWall
SWRS38,SideWall
SWRS39,SideWall
SWRS40,SideWall
SWRS41,SideWall
SWRS42,SideWall
SWRS43,SideWall
SWRS44,SideWall
SWRS48,SideWall
SWRS49,SideWall
SWRS50,SideWall
SWRS51,SideWall
SWRS52,SideWall
SWRS54,SideWall
SWRS55,SideWall
SWRS56,SideWall
SWRS57,SideWall
SWRS58,SideWall
SWRS59,SideWall
SWRS60,SideWall
T1100FC,SMALL CHEMICAL
T1333,FINAL COMPOUND
T1333FC,SMALL CHEMICAL
T1444,FINAL COMPOUND
T1444FC,SMALL CHEMICAL
T1464,FINAL COMPOUND
T1464FC,SMALL CHEMICAL
T15,FINAL COMPOUND
T153XFC,SMALL CHEMICAL
T1555,FINAL COMPOUND
T1555FC,SMALL CHEMICAL
T15FC,SMALL CHEMICAL
T1666FC,SMALL CHEMICAL
T18,FINAL COMPOUND
T18FC,SMALL CHEMICAL
T2054,FINAL COMPOUND
T2054FC,SMALL CHEMICAL
T2200,FINAL COMPOUND
T2200FC,SMALL CHEMICAL
T2346FC,SMALL CHEMICAL
T2777,FINAL COMPOUND
T2777FC,SMALL CHEMICAL
T3021FC,SMALL CHEMICAL
T3046FC,SMALL CHEMICAL
T3427,FINAL COMPOUND
T3427FC,SMALL CHEMICAL
T4016FC,SMALL CHEMICAL
T4022,FINAL COMPOUND
T4022FC,SMALL CHEMICAL
T4026,FINAL COMPOUND
T4026FC,SMALL CHEMICAL
T4027,FINAL COMPOUND
T4027FC,SMALL CHEMICAL
T4030FC,SMALL CHEMICAL
T4075FC,SMALL CHEMICAL
T4088,FINAL COMPOUND
T4088FC,SMALL CHEMICAL
T4240,FINAL COMPOUND
T4240FC,SMALL CHEMICAL
T4251FC,SMALL CHEMICAL
T435M,FINAL COMPOUND
T435MFC,SMALL CHEMICAL
T4360FC,SMALL CHEMICAL
T4378,FINAL COMPOUND
T4378FC,SMALL CHEMICAL
T4413FC,SMALL CHEMICAL
T4555H,FINAL COMPOUND
T4555HFC,SMALL CHEMICAL
T4580,FINAL COMPOUND
T4632,FINAL COMPOUND
T4632FC,SMALL CHEMICAL
T4634FC,SMALL CHEMICAL
T4834,FINAL COMPOUND
T4834FC,SMALL CHEMICAL
T4923,FINAL COMPOUND
T4923-RP,FINAL COMPOUND
T4923FC,SMALL CHEMICAL
T5245,FINAL COMPOUND
T5245FC,SMALL CHEMICAL
T5334FC,SMALL CHEMICAL
T5654FC,SMALL CHEMICAL
T5720,FINAL COMPOUND
T5720FC,SMALL CHEMICAL
T5721,FINAL COMPOUND
T5721FC,SMALL CHEMICAL
T5751FC,SMALL CHEMICAL
T635,FINAL COMPOUND
T635FC,SMALL CHEMICAL
T636,FINAL COMPOUND
T638,FINAL COMPOUND
T638FC,SMALL CHEMICAL
T639,FINAL COMPOUND
T6629,FINAL COMPOUND
T6629FC,SMALL CHEMICAL
T6730,FINAL COMPOUND
T6730FC,SMALL CHEMICAL
T7110,FINAL COMPOUND
T7110FC,SMALL CHEMICAL
T7220,FINAL COMPOUND
T7220FC,SMALL CHEMICAL
T7234,FINAL COMPOUND
T7234FC,SMALL CHEMICAL
T7247,FINAL COMPOUND
T7247FC,SMALL CHEMICAL
T7260,FINAL COMPOUND
T7260FC,SMALL CHEMICAL
T8246,FINAL COMPOUND
T8246FC,SMALL CHEMICAL
T856,FINAL COMPOUND
T856FC,SMALL CHEMICAL
T857,MASTER COMPOUND
T857FC,SMALL CHEMICAL
T945FC,SMALL CHEMICAL
T9496,FINAL COMPOUND
T9496FC,SMALL CHEMICAL
T9607FC,SMALL CHEMICAL
T9640FC,SMALL CHEMICAL
T985,FINAL COMPOUND
T985FC,SMALL CHEMICAL
TB WRAP B1144,Steel Belt Edge Strip
TBA827,MASTER COMPOUND
TBA827FC,SMALL CHEMICAL
TBAPBD001,Bead Apex
TBAPBD002,Bead Apex
TBAPBD003,Bead Apex
TBAPBD004,Bead Apex
TBAPBD005,Bead Apex
TBAPBD006,Bead Apex
TBAPBD007,Bead Apex
TBAPBD008,Bead Apex
TBAPBD009,Bead Apex
TBAPBD010,Bead Apex
TBAPBD011,Bead Apex
TBAPBD012,Bead Apex
TBAPBD013,Bead Apex
TBAPBD014,Apex
TBP001,Ply
TBP003,Rubberized Ply
TBP005,Rubberized Ply
TBP007,Rubberized Ply
TBP009,Rubberized Ply
TBP010,Rubberized Ply
TBP012,Rubberized Ply
TBP013,Rubberized Ply
TBP014,Rubberized Ply
TBP015,Rubberized Ply
TBP016,Rubberized Ply
TBP017,Rubberized Ply
TBP018,Rubberized Ply
TBP019,Rubberized Ply
TBP020,Rubberized Ply
TBP021,Rubberized Ply
TBP023,Rubberized Ply
TBP024,Rubberized Ply
TBP027,Rubberized Ply
TBP030,Rubberized Ply
TBP031,Rubberized Ply
TBP032,Rubberized Steel Belt
TBP033,Rubberized Ply
TBP035,Ply
TBP036,Rubberized Ply
TBP037,Ply
TBP038,Rubberized Ply
TBP039,Rubberized Ply
TBP040,Rubberized Ply
TBPGUM,Rubberized Ply
TBR GSA 70,SLITTED MATERIAL
TBWB001,Bead Bundle
TBWB002,Bead Bundle
TBWB003,Bead Bundle
TBWB004,Bead Bundle
TBWB005,Bead Bundle
TBWB006,Bead Bundle
TBWB007,Bead Bundle
TBWB008,Bead Bundle
TCA313,FINAL COMPOUND
TCA313FC,SMALL CHEMICAL
TEG-01,SLITTED MATERIAL
TEG-02,Steel Belt Edge Strip
TIL-001,Inner Liner
TIL-002,Inner Liner
TIL-003,Inner Liner
TIL-005,Inner Liner
TIL-006,Inner Liner
TIL-007,Inner Liner
TIL-008,Inner Liner
TIL-009,Inner Liner
TIL-010,Inner Liner
TIL-012,Inner Liner
TIL-013,Inner Liner
TIL-014,Inner Liner
TIL-015,Inner Liner
TIL-016,Inner Liner
TIL-017,Inner Liner
TIL-018,Inner Liner
TIL-019,Inner Liner
TIL-020,Inner Liner
TIL-021,Inner Liner
TIL-022,Inner Liner
TPA-001,Inner Liner
TPA-002,Inner Liner
TPA-003,Inner Liner
TPA-004,Inner Liner
TPA-005,Inner Liner
TPA-007,Inner Liner
TPA-008,Inner Liner
TPA-009,Inner Liner
TPA-010,Inner Liner
TPA-011,Inner Liner
TPA-012,Inner Liner
TPA-013,Inner Liner
TPA-014,Inner Liner
TPA-015,Inner Liner
TPA-016,Inner Liner
TPA-017,Inner Liner
TPA-018,Inner Liner
TPA-020,Inner Liner
TPA-023,Inner Liner
TPA-024,Pre-Assembly
TPA-025,Pre-Assembly
TPA-026,Pre-Assembly
TPA-027,Pre-Assembly
TPA-028,Pre-Assembly
TPA-029,Pre-Assembly
TPA-030,Pre-Assembly
TR5001,Tread
TR5002,Tread
TR5003,Tread
TR5004,Tread
TR5005,Tread
TR5007,Tread
TR5008,Tread
TR5009,Tread
TR5010,Tread
TR5012,Tread
TR5013,Tread
TR5014,Tread
TR5015,Tread
TR5016,Tread
TR5017,Tread
TR5018,Tread
TR5019,Tread
TR5020,Tread
TR5021,Tread
TR5022,Tread
TR5023,Tread
TR5024,Tread
TR5025,Tread
TR5026,Tread
TR5027,Tread
TR5028,Tread
TR5029,Tread
TR5030,Tread
TR5031,Tread
TR5032,Tread
TR5033,Tread
TR5034,Tread
TR5035,Tread
TR5036,Tread
TR5037,Tread
TR5038,Tread
TR5039,Tread
TR5040,Tread
TR5041,Tread
TR5042,Tread
TR5043,Tread
TR5045,Tread
TR5046,Tread
TR5047,Tread
TR5048,Tread
TR5049,Tread
TR5051,Tread
TR5054,Tread
TR5055,Tread
TR5056,Tread
TR5057,Tread
TR5058,Tread
TR5059,Tread
TR5060,Tread
TR5061,Tread
TR5062,Tread
TR5063,Tread
TR5064,Tread
TR5065,Tread
TR5066,Tread
TR5067,Tread
TR5068,Tread
TR5069,Tread
TR5070,Tread
TR5071,Tread
TR5072,Tread
TR5073,Tread
TR5074,Tread
TR5075,Tread
TR5076,Tread
TR5077,Tread
TR5078,Tread
TR5079,Tread
TR5080,Tread
TR5081,Tread
TR5082,Tread
TR5083,Tread
TR5084,Tread
TR5085,Tread
TR5086,Tread
TR5087,Tread
TR5088,Tread
TR5089,Tread
TR5090,Tread
TR5091,Tread
TR5092,Tread
TR5093,Tread
TR5094,Tread
TR5095,Tread
TR5096,Tread
TR5097,Tread
TR5098,Tread
TR5099,Tread
TR5101,Tread
TR5102,Tread
TR5103,Tread
TR5105,Tread
TR5106,Tread
TR5107,Tread
TR5108,Tread
TR5109,Tread
TR5110,Tread
TR5111,Tread
TR5113,Tread
TR5114,Tread
TR5115,Tread
TR5117,Tread
TR5120,Tread
TR5123,Tread
TR5501,Tread
TR5502,Tread
TR5503,Tread
TR6003,Tread
TR6007,Tread
TR6009,Tread
TR6010,Tread
TR6011,Tread
TR6012,Tread
TR6013,Tread
TR6014,Tread
TR6015,Tread
TR6016,Tread
TR6017,Tread
TR6018,Tread
TR6019,Tread
TR6020,Tread
TR6021,Tread
TR6025,Tread
TR6026,Tread
TR6027,Tread
TR6028,Tread
TR6029,Tread
TR6030,Tread
TR6031,Tread
TR6032,Tread
TR6034,Tread
TR6036,Tread
TR6043,Tread
TRD 1402 XPC TATA,Tread
TRD 1412 XPC MM,Tread
TRD 1422 MAX,Tread
TRD 1432 UNXT,Tread
TRD 1442 UHL,Tread
TRD 1452 XPC MM,Tread
TRD 1453 MAX,Tread
TRD 1462 NXT,Tread
TRD 1472 NXT,Tread
TRD 1482 NXT,Tread
TRD 1482 UHL,Tread
TRD 1483 UHL,Tread
TRD 1492 NEO,Tread
TRD 1492 UHL,Tread
TRD 1502 XPC1,Tread
TRD 1503 NEO MSIL,Tread
TRD 1512 XPC1,Tread
TRD 1513 NEO,Tread
TRD 1513 XPC1 MSIL,Tread
TRD 1523 UHL,Tread
TRD 1533 NEO TATA,Tread
TRD 1543 NEO,Tread
TRD 1543 XPC1,Tread
TRD 1553 MAX,Tread
TRD 1564 NEO,Tread
TRD 1583 NEO TATA,Tread
TRD 1583 VEC NISSAN,Tread
TRD 1593 NEO,Tread
TRD 1593 NEO TATA,Tread
TRD 1604 UXT,Tread
TRD 1614 XPC NISSAN,Tread
TRD 1623 UHL,Tread
TRD 1624 XPC,Tread
TRD 1634 XPC TATA,Tread
TRD 1644 MAX,Tread
TRD 1654 EZO TOU,Tread
TRD 1654 UXT,Tread
TRD 1664 SPT,Tread
TRD 1672 SPT,Tread
TRD 1673 NEO,Tread
TRD 1674 MAX,Tread
TRD 1684 ROYL,Tread
TRD 1684 SPT,Tread
TRD 1684 TOR MARUT,Tread
TRD 1685 XPC,Tread
TRD 1694 UXT,Tread
TRD 1713 NEO EXP,Tread
TRD 1714 XPC GM,Tread
TRD 1724 UXT,Tread
TRD 1754 VEC TL,Tread
TRD 1765 ROYL,Tread
TRD 1772 NEO,Tread
TRD 1773 NEO,Tread
TRD 1774 VEC,Tread
TRD 1784 VEC,Tread
TRD 1804 XPC TT,Tread
TRD 1805 VEC,Tread
TRD 1814 LT,Tread
TRD 1816 RAN BRT,Tread
TRD 1824 XPC1,Tread
TRD 1834 VEC EXP,Tread
TRD 1835 UXT,Tread
TRD 1844 UXT,Tread
TRD 1844 VEC NISSAN,Tread
TRD 1844 XPC TML,Tread
TRD 1854 ROYL,Tread
TRD 1854 XPC TT,Tread
TRD 1855 ROYL HYU,Tread
TRD 1856 ROYL,Tread
TRD 1864 SPT,Tread
TRD 1865 ROYL RENO,Tread
TRD 1873 NEO,Tread
TRD 1874 VEC MM,Tread
TRD 1875 ALP,Tread
TRD 1884 ROYL,Tread
TRD 1885 MAX,Tread
TRD 1886 BRU MM,Tread
TRD 1894 MAX,Tread
TRD 1895 MAX,Tread
TRD 1905 XPC1,Tread
TRD 1914 XPC1,Tread
TRD 1915 LT XPC1,Tread
TRD 1916 ROYL,Tread
TRD 1924 XPC1,Tread
TRD 1925 XPC1,Tread
TRD 1935 UX1 EXP,Tread
TRD 1936 ROYL,Tread
TRD 1945 ALP,Tread
TRD 1946 ROYL,Tread
TRD 1955 UX1,Tread
TRD 1956 BLA HPE,Tread
TRD 1956 UXT,Tread
TRD 1956 VEC,Tread
TRD 1964 SPT,Tread
TRD 1965 ROYL,Tread
TRD 1965 UX1,Tread
TRD 1966 RAN HTP,Tread
TRD 1975 UX1 EXP,Tread
TRD 1985 ROYL,Tread
TRD 1985 UX1 XL,Tread
TRD 1995 ROYL KIA,Tread
TRD 2015 RAN ATW,Tread
TRD 2016 RAN ATW,Tread
TRD 2017 RAN HTW,Tread
TRD 2025 UX1 EXP,Tread
TRD 2026 UX1 EXP,Tread
TRD 2035 EZO TOU,Tread
TRD 2045 BLA HT,Tread
TRD 2046 ROYL,Tread
TRD 2047 ROYL HYU,Tread
TRD 2055 RAN HT,Tread
TRD 2056 ROYL,Tread
TRD 2056 UX1,Tread
TRD 2057 UX1,Tread
TRD 2065 UX1,Tread
TRD 2066 MAX,Tread
TRD 2075 RAN AT,Tread
TRD 2076 RAN HT,Tread
TRD 2096 EZO TOU,Tread
TRD 2115 RAN HTW,Tread
TRD 2116 ROYL HYU,Tread
TRD 2117 RAN HTW,Tread
TRD 2125 RAN AT,Tread
TRD 2126 ROYL,Tread
TRD 2155 BRU,Tread
TRD 2156 BLA HT,Tread
TRD 2157 RAN HPE,Tread
TRD 2157 ROYL KIA,Tread
TRD 2157 UX1,Tread
TRD 2158 RAN HT,Tread
TRD 2158 ROYL HYU,Tread
TRD 2166 BLA HT,Tread
TRD 2166 RAN HPE,Tread
TRD 2167 RAN HPE,Tread
TRD 2167 RAN HT,Tread
TRD 2175 RAN HT,Tread
TRD 2176 RAN HT,Tread
TRD 2177 RAN HT,Tread
TRD 2216 RAN HT,Tread
TRD 2217 UX1,Tread
TRD 2226 LEVI,Tread
TRD 2227 UX1 EXP,Tread
TRD 2237 ROYL,Tread
TRD 2247 LEVI,Tread
TRD 2256 ROYL,Tread
TRD 2257 UX1,Tread
TRD 2258 RAN HPE,Tread
TRD 2266 RAN HT,Tread
TRD 2267 ROYL HYU,Tread
TRD 2267 ROYL PG,Tread
TRD 2268 UX1,Tread
TRD 2275 RAN A/T,Tread
TRD 2276 RAN HT,Tread
TRD 2277 RAN HT,Tread
TRD 2287 LEVI,Tread
TRD 2335 BLA XAT,Tread
TRD 2337 BLA HT,Tread
TRD 2338 EZO TOU,Tread
TRD 2348 UX1,Tread
TRD 2355 BRU,Tread
TRD 2356 BLA HT,Tread
TRD 2357 UX1,Tread
TRD 2366 ROYL,Tread
TRD 2367 RAN HT,Tread
TRD 2367 RAN XATW,Tread
TRD 2368 EZO TOU,Tread
TRD 2368 RAN HT,Tread
TRD 2375 RAN HT,Tread
TRD 2375 RAN MT,Tread
TRD 2408 UX1,Tread
TRD 2417 UX1,Tread
TRD 2428 LEVI,Tread
TRD 2447 LEVI,Tread
TRD 2448 UX1,Tread
TRD 2455 RAN A/T,Tread
TRD 2457 LEVI,Tread
TRD 2458 RAN HPE,Tread
TRD 2476 RAN HT2,Tread
TRD 2476 RAN MT,Tread
TRD 2476 SUP MM,Tread
TRD 2506 BLA HT,Tread
TRD 2516 ROYL,Tread
TRD 2526 ROYL,Tread
TRD 2526 ROYL PG,Tread
TRD 2549 LEVI,Tread
TRD 2556 ROYL,Tread
TRD 2557 HPE KIA,Tread
TRD 2557 UX1 EXP,Tread
TRD 2565 UXT,Tread
TRD 2567 EZO TOU,Tread
TRD 2568 RAN AT,Tread
TRD 2568 RAN ATB,Tread
TRD 2568 RAN HT2,Tread
TRD 2568 RAN HTP,Tread
TRD 2569 RAN AT,Tread
TRD 2575 RAN A/T,Tread
TRD 2576 EZO TATA,Tread
TRD 2616 BLA HT,Tread
TRD 2617 RAN XAT,Tread
TRD 2618 RAN ATB,Tread
TRD 2627 RAN HT,Tread
TRD 2656 BLA HT,Tread
TRD 2657 BLA HT,Tread
TRD 2657 RAN HT,Tread
TRD 2657 RAN XATW,Tread
TRD 2658 RAN HTP,Tread
TRD 2658 RAN XAT,Tread
TRD 2666 RAN HT,Tread
TRD 2667 RAN HT,Tread
TRD 2667 RAN HT PG,Tread
TRD 2668 RAN HTP,Tread
TRD 2668 RAN XATW,Tread
TRD 2676 RAN HT,Tread
TRD 2676 RAN MT,Tread
TRD 2677 RAN MT,Tread
TRD 2716 BLA HT,Tread
TRD 2737 LEVI,Tread
TRD 2755 BLA HT,Tread
TRD 2755 RAN BRT,Tread
TRD 2756 RAN HT,Tread
TRD 2775 RAN XAT,Tread
TRD 2776 RAN AT,Tread
TRD 2777 BLA HT,Tread
TRD 2856 RAN MT,Tread
TRD 3005 BLA XAT,Tread
TRD 3105 RAN XAT,Tread
TRD 3115 RAN,Tread
TRD 3125 RAN MT,Tread
TRD 3205 RAN XAT,Tread
TRD 3215 BLA XAT,Tread
TRD SUS 1765 ROYL,Tread
TRD SUS2156 ROYL,Tread
TRD T1457 STAR,Tread
TRD1458012NXTTL2S,Tread
TRD1458012NXTTT2S,Tread
TRD1658014TNDTL2S,Tread
TRD1856515VEC2STL,Tread
TRD2157515BRT2S,Tread
TSW-001,SideWall
TSW-002,SideWall
TSW-003,SideWall
TSW-004,SideWall
TSW-005,SideWall
TSW-006,SideWall
TSW-007,SideWall
TSW-008,SideWall
TSW-009,SideWall
TSW-011,SideWall
TSW-013,SideWall
TSW-014,SideWall
TSW-015,SideWall
TSW-017,SideWall
TSW-018,SideWall
TSW-019,SideWall
TSW-021,SideWall
TSW-022,SideWall
TSW-023,SideWall
WRAP B186,Steel Belt Edge Strip
XGA309,FINAL COMPOUND
XGA309FC,SMALL CHEMICAL
XGM309,MASTER COMPOUND
XGM309MC,SMALL CHEMICAL
XGR309,MASTER COMPOUND
XGR309MC,SMALL CHEMICAL
XMA103,MASTER COMPOUND
XMA103MC,SMALL CHEMICAL
XMA133MC,SMALL CHEMICAL
XMA441,MASTER COMPOUND
XMA541,MASTER COMPOUND
XMA544,MASTER COMPOUND
XMB1742,MASTER COMPOUND
XMB175,MASTER COMPOUND
XMB175MC,SMALL CHEMICAL
XMB1851,MASTER COMPOUND
XMB191MC,SMALL CHEMICAL
XMB351G,MASTER COMPOUND
XMB351GMC,SMALL CHEMICAL
XMB352,MASTER COMPOUND
XMB356,MASTER COMPOUND
XMB380,MASTER COMPOUND
XMB416,MASTER COMPOUND
XMB416MC,SMALL CHEMICAL
XMB604,MASTER COMPOUND
XMB714,MASTER COMPOUND
XMB714MC,SMALL CHEMICAL
XMB722,MASTER COMPOUND
XMB813,MASTER COMPOUND
XMB814,MASTER COMPOUND
XMB92,MASTER COMPOUND
XMB92MC,SMALL CHEMICAL
XMB932,MASTER COMPOUND
XMB95,MASTER COMPOUND
XMB95MC,SMALL CHEMICAL
XMB98,MASTER COMPOUND
XMB98MC,SMALL CHEMICAL
XMGT18,MASTER COMPOUND
XMR129,MASTER COMPOUND
XMR496,MASTER COMPOUND
XMS101,MASTER COMPOUND
XMS106,MASTER COMPOUND
XMS106MC,SMALL CHEMICAL
XMS1106,MASTER COMPOUND
XMS1107,MASTER COMPOUND
XMS1146,MASTER COMPOUND
XMT1101,MASTER COMPOUND
XMT1315,MASTER COMPOUND
XMT1463,MASTER COMPOUND
XMT1553,MASTER COMPOUND
XMT1554,MASTER COMPOUND
XMT1554RP,MASTER COMPOUND
XMT1665,MASTER COMPOUND
XMT180,MASTER COMPOUND
XMT2005,MASTER COMPOUND
XMT2052,MASTER COMPOUND
XMT2053,MASTER COMPOUND
XMT2347,MASTER COMPOUND
XMT244,MASTER COMPOUND
XMT245,MASTER COMPOUND
XMT245RP,MASTER COMPOUND
XMT2614,MASTER COMPOUND
XMT2778,MASTER COMPOUND
XMT3020,MASTER COMPOUND
XMT3045RP,MASTER COMPOUND
XMT4015,MASTER COMPOUND
XMT4025,MASTER COMPOUND
XMT4029,MASTER COMPOUND
XMT406,MASTER COMPOUND
XMT4074,MASTER COMPOUND
XMT4238,MASTER COMPOUND
XMT4239,MASTER COMPOUND
XMT4252,MASTER COMPOUND
XMT4361,MASTER COMPOUND
XMT4363,MASTER COMPOUND
XMT4376,MASTER COMPOUND
XMT4377,MASTER COMPOUND
XMT4377RP,MASTER COMPOUND
XMT4411,MASTER COMPOUND
XMT4412,MASTER COMPOUND
XMT4721,MASTER COMPOUND
XMT4832,MASTER COMPOUND
XMT4833,MASTER COMPOUND
XMT493,MASTER COMPOUND
XMT507,MASTER COMPOUND
XMT5333,MASTER COMPOUND
XMT5653,MASTER COMPOUND
XMT5718,MASTER COMPOUND
XMT5719,MASTER COMPOUND
XMT572,MASTER COMPOUND
XMT573,MASTER COMPOUND
XMT5750,MASTER COMPOUND
XMT6628,MASTER COMPOUND
XMT7109,MASTER COMPOUND
XMT7219,MASTER COMPOUND
XMT7233,MASTER COMPOUND
XMT7246,MASTER COMPOUND
XMT834,MASTER COMPOUND
XMT834RP,MASTER COMPOUND
XMT944,MASTER COMPOUND
XMT9606,MASTER COMPOUND
XMT9639,MASTER COMPOUND
XMT984,MASTER COMPOUND
