lot_id,n_predecessors,n_successors,is_terminal,is_root
L000000,8,0,True,False
L000001,8,0,True,False
L000002,8,0,True,False
L000003,8,0,True,False
L000004,8,0,True,False
L000005,8,0,True,False
L000006,8,0,True,False
L000007,8,0,True,False
L000008,8,0,True,False
L000009,8,0,True,False
L000010,8,0,True,False
L000011,8,0,True,False
L000012,8,0,True,False
L000013,8,0,True,False
L000014,8,0,True,False
L000015,8,0,True,False
L000016,8,0,True,False
L000017,8,0,True,False
L000018,8,0,True,False
L000019,8,0,True,False
L000020,8,0,True,False
L000021,8,0,True,False
L000022,8,0,True,False
L000023,8,0,True,False
L000024,8,0,True,False
L000025,8,0,True,False
L000026,8,0,True,False
L000027,8,0,True,False
L000028,8,0,True,False
L000029,8,0,True,False
L000030,8,0,True,False
L000031,8,0,True,False
L000032,8,0,True,False
L000033,8,0,True,False
L000034,8,0,True,False
L000035,8,0,True,False
L000036,8,0,True,False
L000037,8,0,True,False
L000038,8,0,True,False
L000039,8,0,True,False
L000040,8,0,True,False
L000041,8,0,True,False
L000042,8,0,True,False
L000043,8,0,True,False
L000044,8,0,True,False
L000045,8,0,True,False
L000046,8,0,True,False
L000047,8,0,True,False
L000048,8,0,True,False
L000049,8,0,True,False
L000050,8,0,True,False
L000051,8,0,True,False
L000052,8,0,True,False
L000053,8,0,True,False
L000054,8,0,True,False
L000055,8,0,True,False
L000056,8,0,True,False
L000057,8,0,True,False
L000058,8,0,True,False
L000059,8,0,True,False
L000060,8,0,True,False
L000061,8,0,True,False
L000062,8,0,True,False
L000063,8,0,True,False
L000064,8,0,True,False
L000065,8,0,True,False
L000066,8,0,True,False
L000067,8,0,True,False
L000068,8,0,True,False
L000069,8,0,True,False
L000070,8,0,True,False
L000071,8,0,True,False
L000072,8,0,True,False
L000073,8,0,True,False
L000074,8,0,True,False
L000075,8,0,True,False
L000076,8,0,True,False
L000077,8,0,True,False
L000078,8,0,True,False
L000079,8,0,True,False
L000080,8,0,True,False
L000081,8,0,True,False
L000082,8,0,True,False
L000083,8,0,True,False
L000084,8,0,True,False
L000085,8,0,True,False
L000086,8,0,True,False
L000087,8,0,True,False
L000088,8,0,True,False
L000089,8,0,True,False
L000090,8,0,True,False
L000091,8,0,True,False
L000092,8,0,True,False
L000093,8,0,True,False
L000094,8,0,True,False
L000095,8,0,True,False
L000096,8,0,True,False
L000097,8,0,True,False
L000098,8,0,True,False
L000099,8,0,True,False
L000100,8,0,True,False
L000101,8,0,True,False
L000102,8,0,True,False
L000103,8,0,True,False
L000104,8,0,True,False
L000105,8,0,True,False
L000106,8,0,True,False
L000107,8,0,True,False
L000108,8,0,True,False
L000109,8,0,True,False
L000110,8,0,True,False
L000111,8,0,True,False
L000112,8,0,True,False
L000113,8,0,True,False
L000114,8,0,True,False
L000115,8,0,True,False
L000116,8,0,True,False
L000117,8,0,True,False
L000118,8,0,True,False
L000119,8,0,True,False
L000120,8,0,True,False
L000121,8,0,True,False
L000122,8,0,True,False
L000123,8,0,True,False
L000124,8,0,True,False
L000125,8,0,True,False
L000126,8,0,True,False
L000127,8,0,True,False
L000128,8,0,True,False
L000129,8,0,True,False
L000130,8,0,True,False
L000131,8,0,True,False
L000132,8,0,True,False
L000133,8,0,True,False
L000134,8,0,True,False
L000135,8,0,True,False
L000136,8,0,True,False
L000137,8,0,True,False
L000138,8,0,True,False
L000139,8,0,True,False
L000140,8,0,True,False
L000141,8,0,True,False
L000142,8,0,True,False
L000143,8,0,True,False
L000144,8,0,True,False
L000145,8,0,True,False
L000146,8,0,True,False
L000147,8,0,True,False
L000148,8,0,True,False
L000149,8,0,True,False
L000150,8,0,True,False
L000151,8,0,True,False
L000152,8,0,True,False
L000153,8,0,True,False
L000154,8,0,True,False
L000155,8,0,True,False
L000156,8,0,True,False
L000157,8,0,True,False
L000158,8,0,True,False
L000159,8,0,True,False
L000160,8,0,True,False
L000161,8,0,True,False
L000162,8,0,True,False
L000163,8,0,True,False
L000164,8,0,True,False
L000165,8,0,True,False
L000166,8,0,True,False
L000167,8,0,True,False
L000168,8,0,True,False
L000169,8,0,True,False
L000170,8,0,True,False
L000171,8,0,True,False
L000172,8,0,True,False
L000173,8,0,True,False
L000174,8,0,True,False
L000175,8,0,True,False
L000176,8,0,True,False
L000177,8,0,True,False
L000178,8,0,True,False
L000179,8,0,True,False
L000180,8,0,True,False
L000181,8,0,True,False
L000182,8,0,True,False
L000183,8,0,True,False
L000184,8,0,True,False
L000185,8,0,True,False
L000186,8,0,True,False
L000187,8,0,True,False
L000188,8,0,True,False
L000189,8,0,True,False
L000190,8,0,True,False
L000191,8,0,True,False
L000192,8,0,True,False
L000193,8,0,True,False
L000194,8,0,True,False
L000195,8,0,True,False
L000196,8,0,True,False
L000197,8,0,True,False
L000198,8,0,True,False
L000199,8,0,True,False
L000200,8,0,True,False
L000201,8,0,True,False
L000202,8,0,True,False
L000203,8,0,True,False
L000204,8,0,True,False
L000205,8,0,True,False
L000206,8,0,True,False
L000207,8,0,True,False
L000208,8,0,True,False
L000209,8,0,True,False
L000210,8,0,True,False
L000211,8,0,True,False
L000212,8,0,True,False
L000213,8,0,True,False
L000214,8,0,True,False
L000215,8,0,True,False
L000216,8,0,True,False
L000217,8,0,True,False
L000218,8,0,True,False
L000219,8,0,True,False
L000220,8,0,True,False
L000221,8,0,True,False
L000222,8,0,True,False
L000223,8,0,True,False
L000224,8,0,True,False
L000225,8,0,True,False
L000226,8,0,True,False
L000227,8,0,True,False
L000228,8,0,True,False
L000229,8,0,True,False
L000230,8,0,True,False
L000231,8,0,True,False
L000232,8,0,True,False
L000233,8,0,True,False
L000234,8,0,True,False
L000235,8,0,True,False
L000236,8,0,True,False
L000237,8,0,True,False
L000238,8,0,True,False
L000239,8,0,True,False
L000240,8,0,True,False
L000241,8,0,True,False
L000242,8,0,True,False
L000243,8,0,True,False
L000244,8,0,True,False
L000245,8,0,True,False
L000246,8,0,True,False
L000247,8,0,True,False
L000248,8,0,True,False
L000249,8,0,True,False
L000250,8,0,True,False
L000251,8,0,True,False
L000252,8,0,True,False
L000253,8,0,True,False
L000254,8,0,True,False
L000255,8,0,True,False
L000256,8,0,True,False
L000257,8,0,True,False
L000258,8,0,True,False
L000259,8,0,True,False
L000260,8,0,True,False
L000261,8,0,True,False
L000262,8,0,True,False
L000263,8,0,True,False
L000264,8,0,True,False
L000265,8,0,True,False
L000266,8,0,True,False
L000267,8,0,True,False
L000268,8,0,True,False
L000269,8,0,True,False
L000270,8,0,True,False
L000271,8,0,True,False
L000272,8,0,True,False
L000273,8,0,True,False
L000274,8,0,True,False
L000275,8,0,True,False
L000276,8,0,True,False
L000277,8,0,True,False
L000278,8,0,True,False
L000279,8,0,True,False
L000280,8,0,True,False
L000281,8,0,True,False
L000282,8,0,True,False
L000283,8,0,True,False
L000284,8,0,True,False
L000285,8,0,True,False
L000286,8,0,True,False
L000287,8,0,True,False
L000288,8,0,True,False
L000289,8,0,True,False
L000290,8,0,True,False
L000291,8,0,True,False
L000292,8,0,True,False
L000293,8,0,True,False
L000294,8,0,True,False
L000295,8,0,True,False
L000296,8,0,True,False
L000297,8,0,True,False
L000298,8,0,True,False
L000299,8,0,True,False
L000300,8,0,True,False
L000301,8,0,True,False
L000302,8,0,True,False
L000303,8,0,True,False
L000304,8,0,True,False
L000305,8,0,True,False
L000306,8,0,True,False
L000307,8,0,True,False
L000308,8,0,True,False
L000309,8,0,True,False
L000310,8,0,True,False
L000311,8,0,True,False
L000312,8,0,True,False
L000313,8,0,True,False
L000314,8,0,True,False
L000315,8,0,True,False
L000316,8,0,True,False
L000317,8,0,True,False
L000318,8,0,True,False
L000319,8,0,True,False
L000320,8,0,True,False
L000321,8,0,True,False
L000322,8,0,True,False
L000323,8,0,True,False
L000324,8,0,True,False
L000325,8,0,True,False
L000326,8,0,True,False
L000327,8,0,True,False
L000328,8,0,True,False
L000329,8,0,True,False
L000330,8,0,True,False
L000331,8,0,True,False
L000332,8,0,True,False
L000333,8,0,True,False
L000334,8,0,True,False
L000335,8,0,True,False
L000336,8,0,True,False
L000337,8,0,True,False
L000338,8,0,True,False
L000339,8,0,True,False
L000340,8,0,True,False
L000341,8,0,True,False
L000342,8,0,True,False
L000343,8,0,True,False
L000344,8,0,True,False
L000345,8,0,True,False
L000346,8,0,True,False
L000347,8,0,True,False
L000348,8,0,True,False
L000349,8,0,True,False
L000350,8,0,True,False
L000351,8,0,True,False
L000352,8,0,True,False
L000353,8,0,True,False
L000354,8,0,True,False
L000355,8,0,True,False
L000356,8,0,True,False
L000357,8,0,True,False
L000358,8,0,True,False
L000359,8,0,True,False
L000360,8,0,True,False
L000361,8,0,True,False
L000362,8,0,True,False
L000363,8,0,True,False
L000364,8,0,True,False
L000365,8,0,True,False
L000366,8,0,True,False
L000367,8,0,True,False
L000368,8,0,True,False
L000369,8,0,True,False
L000370,8,0,True,False
L000371,8,0,True,False
L000372,8,0,True,False
L000373,8,0,True,False
L000374,8,0,True,False
L000375,8,0,True,False
L000376,8,0,True,False
L000377,8,0,True,False
L000378,8,0,True,False
L000379,8,0,True,False
L000380,8,0,True,False
L000381,8,0,True,False
L000382,8,0,True,False
L000383,8,0,True,False
L000384,8,0,True,False
L000385,8,0,True,False
L000386,8,0,True,False
L000387,8,0,True,False
L000388,8,0,True,False
L000389,8,0,True,False
L000390,8,0,True,False
L000391,8,0,True,False
L000392,8,0,True,False
L000393,8,0,True,False
L000394,8,0,True,False
L000395,8,0,True,False
L000396,8,0,True,False
L000397,8,0,True,False
L000398,8,0,True,False
L000399,8,0,True,False
L000400,8,0,True,False
L000401,8,0,True,False
L000402,8,0,True,False
L000403,8,0,True,False
L000404,8,0,True,False
L000405,8,0,True,False
L000406,8,0,True,False
L000407,8,0,True,False
L000408,8,0,True,False
L000409,8,0,True,False
L000410,8,0,True,False
L000411,8,0,True,False
L000412,8,0,True,False
L000413,8,0,True,False
L000414,8,0,True,False
L000415,8,0,True,False
L000416,8,0,True,False
L000417,8,0,True,False
L000418,8,0,True,False
L000419,8,0,True,False
L000420,8,0,True,False
L000421,8,0,True,False
L000422,8,0,True,False
L000423,8,0,True,False
L000424,8,0,True,False
L000425,8,0,True,False
L000426,8,0,True,False
L000427,8,0,True,False
L000428,8,0,True,False
L000429,8,0,True,False
L000430,8,0,True,False
L000431,8,0,True,False
L000432,8,0,True,False
L000433,8,0,True,False
L000434,8,0,True,False
L000435,8,0,True,False
L000436,8,0,True,False
L000437,8,0,True,False
L000438,8,0,True,False
L000439,8,0,True,False
L000440,8,0,True,False
L000441,8,0,True,False
L000442,8,0,True,False
L000443,8,0,True,False
L000444,8,0,True,False
L000445,8,0,True,False
L000446,8,0,True,False
L000447,8,0,True,False
L000448,8,0,True,False
L000449,8,0,True,False
L000450,6,7,False,False
L000451,5,7,False,False
L000452,1,6,False,False
L000453,1,4,False,False
L000454,1,6,False,False
L000455,1,8,False,False
L000456,1,2,False,False
L000457,10,14,False,False
L000458,1,6,False,False
L000459,3,7,False,False
L000460,1,2,False,False
L000461,1,1,False,False
L000462,0,1,False,True
L000463,1,2,False,False
L000464,1,1,False,False
L000465,5,7,False,False
L000466,1,3,False,False
L000467,1,2,False,False
L000468,5,25,False,False
L000469,0,25,False,True
L000470,1,5,False,False
L000471,0,11,False,True
L000472,0,10,False,True
L000473,0,13,False,True
L000474,0,6,False,True
L000475,1,6,False,False
L000476,0,13,False,True
L000477,0,6,False,True
L000478,1,9,False,False
L000479,0,6,False,True
L000480,1,7,False,False
L000481,0,13,False,True
L000482,1,11,False,False
L000483,0,6,False,True
L000484,0,8,False,True
L000485,0,9,False,True
L000486,0,6,False,True
L000487,4,7,False,False
L000488,1,2,False,False
L000489,1,8,False,False
L000490,5,14,False,False
L000491,1,2,False,False
L000492,1,2,False,False
L000493,1,2,False,False
L000494,12,14,False,False
L000495,1,14,False,False
L000496,1,12,False,False
L000497,1,8,False,False
L000498,1,6,False,False
L000499,1,6,False,False
L000500,1,8,False,False
L000501,1,9,False,False
L000502,1,9,False,False
L000503,6,7,False,False
L000504,5,7,False,False
L000505,3,7,False,False
L000506,1,2,False,False
L000507,1,1,False,False
L000508,0,1,False,True
L000509,1,1,False,False
L000510,5,7,False,False
L000511,4,7,False,False
L000512,6,7,False,False
L000513,5,7,False,False
L000514,1,6,False,False
L000515,11,14,False,False
L000516,3,7,False,False
L000517,1,2,False,False
L000518,1,1,False,False
L000519,0,1,False,True
L000520,1,1,False,False
L000521,5,7,False,False
L000522,1,5,False,False
L000523,4,7,False,False
L000524,7,14,False,False
L000525,14,14,False,False
L000526,6,7,False,False
L000527,5,7,False,False
L000528,1,6,False,False
L000529,3,7,False,False
L000530,1,2,False,False
L000531,1,1,False,False
L000532,0,1,False,True
L000533,1,3,False,False
L000534,1,1,False,False
L000535,5,7,False,False
L000536,1,3,False,False
L000537,1,2,False,False
L000538,4,7,False,False
L000539,1,2,False,False
L000540,1,2,False,False
L000541,1,2,False,False
L000542,6,7,False,False
L000543,5,7,False,False
L000544,1,4,False,False
L000545,1,8,False,False
L000546,1,10,False,False
L000547,1,3,False,False
L000548,10,13,False,False
L000549,3,7,False,False
L000550,1,2,False,False
L000551,1,1,False,False
L000552,0,1,False,True
L000553,1,1,False,False
L000554,5,7,False,False
L000555,1,7,False,False
L000556,4,7,False,False
L000557,5,13,False,False
L000558,1,3,False,False
L000559,12,13,False,False
L000560,6,6,False,False
L000561,5,6,False,False
L000562,3,6,False,False
L000563,1,4,False,False
L000564,1,1,False,False
L000565,0,1,False,True
L000566,2,2,False,False
L000567,6,7,False,False
L000568,4,6,False,False
L000569,6,7,False,False
L000570,5,7,False,False
L000571,1,6,False,False
L000572,3,7,False,False
L000573,1,2,False,False
L000574,1,1,False,False
L000575,0,1,False,True
L000576,1,2,False,False
L000577,1,1,False,False
L000578,5,7,False,False
L000579,1,5,False,False
L000580,4,7,False,False
L000581,6,7,False,False
L000582,5,7,False,False
L000583,10,14,False,False
L000584,3,7,False,False
L000585,1,2,False,False
L000586,1,1,False,False
L000587,0,1,False,True
L000588,1,1,False,False
L000589,5,7,False,False
L000590,4,7,False,False
L000591,7,14,False,False
L000592,16,14,False,False
L000593,6,7,False,False
L000594,5,7,False,False
L000595,2,6,False,False
L000596,2,4,False,False
L000597,2,6,False,False
L000598,2,8,False,False
L000599,2,3,False,False
L000600,3,7,False,False
L000601,1,2,False,False
L000602,1,1,False,False
L000603,0,1,False,True
L000604,1,1,False,False
L000605,5,7,False,False
L000606,2,3,False,False
L000607,2,2,False,False
L000608,2,6,False,False
L000609,4,7,False,False
L000610,2,2,False,False
L000611,2,2,False,False
L000612,2,2,False,False
L000613,2,3,False,False
L000614,6,7,False,False
L000615,5,7,False,False
L000616,13,14,False,False
L000617,3,7,False,False
L000618,1,2,False,False
L000619,1,1,False,False
L000620,0,1,False,True
L000621,1,2,False,False
L000622,1,1,False,False
L000623,5,7,False,False
L000624,5,23,False,False
L000625,0,23,False,True
L000626,0,10,False,True
L000627,0,10,False,True
L000628,0,12,False,True
L000629,0,6,False,True
L000630,1,6,False,False
L000631,0,13,False,True
L000632,0,6,False,True
L000633,1,9,False,False
L000634,0,6,False,True
L000635,0,6,False,True
L000636,0,8,False,True
L000637,0,9,False,True
L000638,0,6,False,True
L000639,4,7,False,False
L000640,5,14,False,False
L000641,12,14,False,False
L000642,1,13,False,False
L000643,1,12,False,False
L000644,1,8,False,False
L000645,1,6,False,False
L000646,1,6,False,False
L000647,1,8,False,False
L000648,1,9,False,False
L000649,1,9,False,False
L000650,6,7,False,False
L000651,5,7,False,False
L000652,1,6,False,False
L000653,3,7,False,False
L000654,1,2,False,False
L000655,1,1,False,False
L000656,0,1,False,True
L000657,1,1,False,False
L000658,5,7,False,False
L000659,1,5,False,False
L000660,2,7,False,False
L000661,4,7,False,False
L000662,1,8,False,False
L000663,6,7,False,False
L000664,5,7,False,False
L000665,1,6,False,False
L000666,11,14,False,False
L000667,3,7,False,False
L000668,1,2,False,False
L000669,1,1,False,False
L000670,0,1,False,True
L000671,1,1,False,False
L000672,5,7,False,False
L000673,1,3,False,False
L000674,1,2,False,False
L000675,4,7,False,False
L000676,1,2,False,False
L000677,5,14,False,False
L000678,1,2,False,False
L000679,1,2,False,False
L000680,14,14,False,False
L000681,6,7,False,False
L000682,5,7,False,False
L000683,1,4,False,False
L000684,1,6,False,False
L000685,1,8,False,False
L000686,1,3,False,False
L000687,3,7,False,False
L000688,1,2,False,False
L000689,1,1,False,False
L000690,0,1,False,True
L000691,1,2,False,False
L000692,1,1,False,False
L000693,5,7,False,False
L000694,1,5,False,False
L000695,4,7,False,False
L000696,1,3,False,False
L000697,6,7,False,False
L000698,5,7,False,False
L000699,10,14,False,False
L000700,3,7,False,False
L000701,1,2,False,False
L000702,1,1,False,False
L000703,0,1,False,True
L000704,1,1,False,False
L000705,5,7,False,False
L000706,4,7,False,False
L000707,7,14,False,False
L000708,14,14,False,False
L000709,6,7,False,False
L000710,5,7,False,False
L000711,1,6,False,False
L000712,1,6,False,False
L000713,3,7,False,False
L000714,1,2,False,False
L000715,1,1,False,False
L000716,0,1,False,True
L000717,1,1,False,False
L000718,5,7,False,False
L000719,1,3,False,False
L000720,1,2,False,False
L000721,1,5,False,False
L000722,4,7,False,False
L000723,1,2,False,False
L000724,1,2,False,False
L000725,1,2,False,False
L000726,6,7,False,False
L000727,5,7,False,False
L000728,11,14,False,False
L000729,3,7,False,False
L000730,1,2,False,False
L000731,1,1,False,False
L000732,0,1,False,True
L000733,1,2,False,False
L000734,1,1,False,False
L000735,5,7,False,False
L000736,4,7,False,False
L000737,5,14,False,False
L000738,14,14,False,False
L000739,6,7,False,False
L000740,5,7,False,False
L000741,2,4,False,False
L000742,1,6,False,False
L000743,2,8,False,False
L000744,2,3,False,False
L000745,3,7,False,False
L000746,1,2,False,False
L000747,1,1,False,False
L000748,0,1,False,True
L000749,1,1,False,False
L000750,5,7,False,False
L000751,1,5,False,False
L000752,2,12,False,False
L000753,4,7,False,False
L000754,2,3,False,False
L000755,6,7,False,False
L000756,5,7,False,False
L000757,2,6,False,False
L000758,16,14,False,False
L000759,3,7,False,False
L000760,1,2,False,False
L000761,1,1,False,False
L000762,0,1,False,True
L000763,1,1,False,False
L000764,5,7,False,False
L000765,2,3,False,False
L000766,2,2,False,False
L000767,4,7,False,False
L000768,2,2,False,False
L000769,8,14,False,False
L000770,2,2,False,False
L000771,2,2,False,False
L000772,20,14,False,False
L000773,6,7,False,False
L000774,5,7,False,False
L000775,1,6,False,False
L000776,3,7,False,False
L000777,1,2,False,False
L000778,1,1,False,False
L000779,0,1,False,True
L000780,1,2,False,False
L000781,1,1,False,False
L000782,5,7,False,False
L000783,5,23,False,False
L000784,0,23,False,True
L000785,1,5,False,False
L000786,0,10,False,True
L000787,0,10,False,True
L000788,0,12,False,True
L000789,0,6,False,True
L000790,1,6,False,False
L000791,0,13,False,True
L000792,0,6,False,True
L000793,1,9,False,False
L000794,0,6,False,True
L000795,0,6,False,True
L000796,0,8,False,True
L000797,0,9,False,True
L000798,0,6,False,True
L000799,4,7,False,False
L000800,1,13,False,False
L000801,1,12,False,False
L000802,1,8,False,False
L000803,1,6,False,False
L000804,1,6,False,False
L000805,1,8,False,False
L000806,1,9,False,False
L000807,1,9,False,False
L000808,6,7,False,False
L000809,5,7,False,False
L000810,12,14,False,False
L000811,3,7,False,False
L000812,1,2,False,False
L000813,1,1,False,False
L000814,0,1,False,True
L000815,1,1,False,False
L000816,5,7,False,False
L000817,4,7,False,False
L000818,7,14,False,False
L000819,16,14,False,False
L000820,6,7,False,False
L000821,5,7,False,False
L000822,1,6,False,False
L000823,1,4,False,False
L000824,1,6,False,False
L000825,1,8,False,False
L000826,1,3,False,False
L000827,3,7,False,False
L000828,1,2,False,False
L000829,1,1,False,False
L000830,0,1,False,True
L000831,1,1,False,False
L000832,5,7,False,False
L000833,1,3,False,False
L000834,1,2,False,False
L000835,1,5,False,False
L000836,1,7,False,False
L000837,4,7,False,False
L000838,1,2,False,False
L000839,1,8,False,False
L000840,1,2,False,False
L000841,1,2,False,False
L000842,1,3,False,False
L000843,6,7,False,False
L000844,5,7,False,False
L000845,10,14,False,False
L000846,3,7,False,False
L000847,1,2,False,False
L000848,1,1,False,False
L000849,0,1,False,True
L000850,1,2,False,False
L000851,1,1,False,False
L000852,5,7,False,False
L000853,0,13,False,True
L000854,4,7,False,False
L000855,5,14,False,False
L000856,12,14,False,False
L000857,6,7,False,False
L000858,5,7,False,False
L000859,1,6,False,False
L000860,3,7,False,False
L000861,1,2,False,False
L000862,1,1,False,False
L000863,0,1,False,True
L000864,1,1,False,False
L000865,5,7,False,False
L000866,1,5,False,False
L000867,4,7,False,False
L000868,6,7,False,False
L000869,5,7,False,False
L000870,1,6,False,False
L000871,11,14,False,False
L000872,3,7,False,False
L000873,1,2,False,False
L000874,1,1,False,False
L000875,0,1,False,True
L000876,1,1,False,False
L000877,5,7,False,False
L000878,1,3,False,False
L000879,1,2,False,False
L000880,4,7,False,False
L000881,1,2,False,False
L000882,5,14,False,False
L000883,1,2,False,False
L000884,1,2,False,False
L000885,14,14,False,False
L000886,6,7,False,False
L000887,5,7,False,False
L000888,2,4,False,False
L000889,1,6,False,False
L000890,2,8,False,False
L000891,2,3,False,False
L000892,3,7,False,False
L000893,1,2,False,False
L000894,1,1,False,False
L000895,0,1,False,True
L000896,1,2,False,False
L000897,1,1,False,False
L000898,5,7,False,False
L000899,1,5,False,False
L000900,4,7,False,False
L000901,2,3,False,False
L000902,6,7,False,False
L000903,5,7,False,False
L000904,10,14,False,False
L000905,3,7,False,False
L000906,1,2,False,False
L000907,1,1,False,False
L000908,0,1,False,True
L000909,1,1,False,False
L000910,5,7,False,False
L000911,4,7,False,False
L000912,7,14,False,False
L000913,14,14,False,False
L000914,6,7,False,False
L000915,5,7,False,False
L000916,2,6,False,False
L000917,2,6,False,False
L000918,3,7,False,False
L000919,1,2,False,False
L000920,1,1,False,False
L000921,0,1,False,True
L000922,1,1,False,False
L000923,5,7,False,False
L000924,2,3,False,False
L000925,2,2,False,False
L000926,2,6,False,False
L000927,4,7,False,False
L000928,2,2,False,False
L000929,2,2,False,False
L000930,2,2,False,False
L000931,6,7,False,False
L000932,5,7,False,False
L000933,11,14,False,False
L000934,3,7,False,False
L000935,1,2,False,False
L000936,1,1,False,False
L000937,0,1,False,True
L000938,1,2,False,False
L000939,1,1,False,False
L000940,5,7,False,False
L000941,5,23,False,False
L000942,0,23,False,True
L000943,0,10,False,True
L000944,0,10,False,True
L000945,0,12,False,True
L000946,0,6,False,True
L000947,1,6,False,False
L000948,0,13,False,True
L000949,0,6,False,True
L000950,1,9,False,False
L000951,0,6,False,True
L000952,0,6,False,True
L000953,0,8,False,True
L000954,0,9,False,True
L000955,0,6,False,True
L000956,4,7,False,False
L000957,5,14,False,False
L000958,14,14,False,False
L000959,1,13,False,False
L000960,1,12,False,False
L000961,1,8,False,False
L000962,1,6,False,False
L000963,1,6,False,False
L000964,1,8,False,False
L000965,1,9,False,False
L000966,1,9,False,False
L000967,6,7,False,False
L000968,5,7,False,False
L000969,1,4,False,False
L000970,1,6,False,False
L000971,1,8,False,False
L000972,1,3,False,False
L000973,3,7,False,False
L000974,1,2,False,False
L000975,1,1,False,False
L000976,0,1,False,True
L000977,1,1,False,False
L000978,5,7,False,False
L000979,1,5,False,False
L000980,4,7,False,False
L000981,1,3,False,False
L000982,6,7,False,False
L000983,5,7,False,False
L000984,1,6,False,False
L000985,13,14,False,False
L000986,3,7,False,False
L000987,1,2,False,False
L000988,1,1,False,False
L000989,0,1,False,True
L000990,1,1,False,False
L000991,5,7,False,False
L000992,1,3,False,False
L000993,1,2,False,False
L000994,4,7,False,False
L000995,1,2,False,False
L000996,5,14,False,False
L000997,1,2,False,False
L000998,1,2,False,False
L000999,12,14,False,False
L001000,6,7,False,False
L001001,5,7,False,False
L001002,1,6,False,False
L001003,3,7,False,False
L001004,1,2,False,False
L001005,1,1,False,False
L001006,0,1,False,True
L001007,1,2,False,False
L001008,1,1,False,False
L001009,5,7,False,False
L001010,1,5,False,False
L001011,2,7,False,False
L001012,4,7,False,False
L001013,1,8,False,False
L001014,6,7,False,False
L001015,5,7,False,False
L001016,11,14,False,False
L001017,3,7,False,False
L001018,1,2,False,False
L001019,1,1,False,False
L001020,0,1,False,True
L001021,1,1,False,False
L001022,5,7,False,False
L001023,4,7,False,False
L001024,7,14,False,False
L001025,16,14,False,False
L001026,6,7,False,False
L001027,5,7,False,False
L001028,1,6,False,False
L001029,1,4,False,False
L001030,1,6,False,False
L001031,1,8,False,False
L001032,1,3,False,False
L001033,3,7,False,False
L001034,1,2,False,False
L001035,1,1,False,False
L001036,0,1,False,True
L001037,1,1,False,False
L001038,5,7,False,False
L001039,1,3,False,False
L001040,1,2,False,False
L001041,1,5,False,False
L001042,2,11,False,False
L001043,4,7,False,False
L001044,1,2,False,False
L001045,1,2,False,False
L001046,1,2,False,False
L001047,1,3,False,False
L001048,6,7,False,False
L001049,5,7,False,False
L001050,10,14,False,False
L001051,3,7,False,False
L001052,1,2,False,False
L001053,1,1,False,False
L001054,0,1,False,True
L001055,1,2,False,False
L001056,1,1,False,False
L001057,5,7,False,False
L001058,4,7,False,False
L001059,5,14,False,False
L001060,12,14,False,False
L001061,6,7,False,False
L001062,5,7,False,False
L001063,1,6,False,False
L001064,3,7,False,False
L001065,1,2,False,False
L001066,1,1,False,False
L001067,0,1,False,True
L001068,1,1,False,False
L001069,5,7,False,False
L001070,1,5,False,False
L001071,4,7,False,False
L001072,6,7,False,False
L001073,5,7,False,False
L001074,2,6,False,False
L001075,15,14,False,False
L001076,3,7,False,False
L001077,1,2,False,False
L001078,1,1,False,False
L001079,0,1,False,True
L001080,1,1,False,False
L001081,5,7,False,False
L001082,2,3,False,False
L001083,2,2,False,False
L001084,4,7,False,False
L001085,2,2,False,False
L001086,8,14,False,False
L001087,2,2,False,False
L001088,2,2,False,False
L001089,22,14,False,False
L001090,6,7,False,False
L001091,5,7,False,False
L001092,1,4,False,False
L001093,1,6,False,False
L001094,1,8,False,False
L001095,1,3,False,False
L001096,3,7,False,False
L001097,1,2,False,False
L001098,1,1,False,False
L001099,0,1,False,True
L001100,1,2,False,False
L001101,1,1,False,False
L001102,5,7,False,False
L001103,5,23,False,False
L001104,0,23,False,True
L001105,1,5,False,False
L001106,0,10,False,True
L001107,0,10,False,True
L001108,0,12,False,True
L001109,0,6,False,True
L001110,1,6,False,False
L001111,0,13,False,True
L001112,0,6,False,True
L001113,1,9,False,False
L001114,0,6,False,True
L001115,0,6,False,True
L001116,0,8,False,True
L001117,0,9,False,True
L001118,0,6,False,True
L001119,4,7,False,False
L001120,1,3,False,False
L001121,1,13,False,False
L001122,1,12,False,False
L001123,1,8,False,False
L001124,1,6,False,False
L001125,1,6,False,False
L001126,1,8,False,False
L001127,1,9,False,False
L001128,1,9,False,False
L001129,6,7,False,False
L001130,5,7,False,False
L001131,11,14,False,False
L001132,3,7,False,False
L001133,1,2,False,False
L001134,1,1,False,False
L001135,0,1,False,True
L001136,1,1,False,False
L001137,5,7,False,False
L001138,4,7,False,False
L001139,7,14,False,False
L001140,14,14,False,False
L001141,6,7,False,False
L001142,5,7,False,False
L001143,1,6,False,False
L001144,1,6,False,False
L001145,3,7,False,False
L001146,1,2,False,False
L001147,1,1,False,False
L001148,0,1,False,True
L001149,1,1,False,False
L001150,5,7,False,False
L001151,1,3,False,False
L001152,1,2,False,False
L001153,1,5,False,False
L001154,4,7,False,False
L001155,1,2,False,False
L001156,1,2,False,False
L001157,1,2,False,False
L001158,6,7,False,False
L001159,5,7,False,False
L001160,12,14,False,False
L001161,3,7,False,False
L001162,1,2,False,False
L001163,1,1,False,False
L001164,0,1,False,True
L001165,1,2,False,False
L001166,1,1,False,False
L001167,5,7,False,False
L001168,4,7,False,False
L001169,5,14,False,False
L001170,14,14,False,False
L001171,6,7,False,False
L001172,5,7,False,False
L001173,1,4,False,False
L001174,1,6,False,False
L001175,1,8,False,False
L001176,1,3,False,False
L001177,3,7,False,False
L001178,1,2,False,False
L001179,1,1,False,False
L001180,0,1,False,True
L001181,1,1,False,False
L001182,5,7,False,False
L001183,1,5,False,False
L001184,2,7,False,False
L001185,4,7,False,False
L001186,1,8,False,False
L001187,1,3,False,False
L001188,6,7,False,False
L001189,5,7,False,False
L001190,1,6,False,False
L001191,12,14,False,False
L001192,3,7,False,False
L001193,1,2,False,False
L001194,1,1,False,False
L001195,0,1,False,True
L001196,1,1,False,False
L001197,5,7,False,False
L001198,1,3,False,False
L001199,1,2,False,False
L001200,4,7,False,False
L001201,1,2,False,False
L001202,5,14,False,False
L001203,1,2,False,False
L001204,1,2,False,False
L001205,12,14,False,False
L001206,6,7,False,False
L001207,5,7,False,False
L001208,1,6,False,False
L001209,3,7,False,False
L001210,1,2,False,False
L001211,1,1,False,False
L001212,0,1,False,True
L001213,1,2,False,False
L001214,1,1,False,False
L001215,5,7,False,False
L001216,1,5,False,False
L001217,0,13,False,True
L001218,4,7,False,False
L001219,6,7,False,False
L001220,5,7,False,False
L001221,10,14,False,False
L001222,3,7,False,False
L001223,1,2,False,False
L001224,1,1,False,False
L001225,0,1,False,True
L001226,1,1,False,False
L001227,5,7,False,False
L001228,4,7,False,False
L001229,7,14,False,False
L001230,16,14,False,False
L001231,6,7,False,False
L001232,5,7,False,False
L001233,2,6,False,False
L001234,2,4,False,False
L001235,2,6,False,False
L001236,2,8,False,False
L001237,2,3,False,False
L001238,3,7,False,False
L001239,1,2,False,False
L001240,1,1,False,False
L001241,0,1,False,True
L001242,1,1,False,False
L001243,5,7,False,False
L001244,2,3,False,False
L001245,2,2,False,False
L001246,2,6,False,False
L001247,4,7,False,False
L001248,2,2,False,False
L001249,2,2,False,False
L001250,2,2,False,False
L001251,2,3,False,False
L001252,6,7,False,False
L001253,5,7,False,False
L001254,11,14,False,False
L001255,3,7,False,False
L001256,1,2,False,False
L001257,1,1,False,False
L001258,0,1,False,True
L001259,1,2,False,False
L001260,1,1,False,False
L001261,5,7,False,False
L001262,5,23,False,False
L001263,0,23,False,True
L001264,0,10,False,True
L001265,0,10,False,True
L001266,0,12,False,True
L001267,0,6,False,True
L001268,1,6,False,False
L001269,0,13,False,True
L001270,0,6,False,True
L001271,1,9,False,False
L001272,0,6,False,True
L001273,0,6,False,True
L001274,0,8,False,True
L001275,0,9,False,True
L001276,0,6,False,True
L001277,4,7,False,False
L001278,5,14,False,False
L001279,12,14,False,False
L001280,1,13,False,False
L001281,1,12,False,False
L001282,1,8,False,False
L001283,1,6,False,False
L001284,1,6,False,False
L001285,1,8,False,False
L001286,1,9,False,False
L001287,1,9,False,False
L001288,6,7,False,False
L001289,5,7,False,False
L001290,1,6,False,False
L001291,3,7,False,False
L001292,1,2,False,False
L001293,1,1,False,False
L001294,0,1,False,True
L001295,1,1,False,False
L001296,5,7,False,False
L001297,1,5,False,False
L001298,4,7,False,False
L001299,6,7,False,False
L001300,5,7,False,False
L001301,1,6,False,False
L001302,12,14,False,False
L001303,3,7,False,False
L001304,1,2,False,False
L001305,1,1,False,False
L001306,0,1,False,True
L001307,1,1,False,False
L001308,5,7,False,False
L001309,1,3,False,False
L001310,1,2,False,False
L001311,4,7,False,False
L001312,1,2,False,False
L001313,5,14,False,False
L001314,1,2,False,False
L001315,1,2,False,False
L001316,14,14,False,False
L001317,6,7,False,False
L001318,5,7,False,False
L001319,1,4,False,False
L001320,1,6,False,False
L001321,1,8,False,False
L001322,1,3,False,False
L001323,3,7,False,False
L001324,1,2,False,False
L001325,1,1,False,False
L001326,0,1,False,True
L001327,1,2,False,False
L001328,1,1,False,False
L001329,5,7,False,False
L001330,1,5,False,False
L001331,2,12,False,False
L001332,4,7,False,False
L001333,1,3,False,False
L001334,6,7,False,False
L001335,5,7,False,False
L001336,12,14,False,False
L001337,3,7,False,False
L001338,1,2,False,False
L001339,1,1,False,False
L001340,0,1,False,True
L001341,1,1,False,False
L001342,5,7,False,False
L001343,4,7,False,False
L001344,7,14,False,False
L001345,14,14,False,False
L001346,6,7,False,False
L001347,5,7,False,False
L001348,1,6,False,False
L001349,1,6,False,False
L001350,3,7,False,False
L001351,1,2,False,False
L001352,1,1,False,False
L001353,0,1,False,True
L001354,1,1,False,False
L001355,5,7,False,False
L001356,1,3,False,False
L001357,1,3,False,False
L001358,1,5,False,False
L001359,1,7,False,False
L001360,4,7,False,False
L001361,1,3,False,False
L001362,1,8,False,False
L001363,1,3,False,False
L001364,1,3,False,False
L001365,6,7,False,False
L001366,5,7,False,False
L001367,10,14,False,False
L001368,3,7,False,False
L001369,1,2,False,False
L001370,1,1,False,False
L001371,0,1,False,True
L001372,2,2,False,False
L001373,1,1,False,False
L001374,5,7,False,False
L001375,4,7,False,False
L001376,5,13,False,False
L001377,14,13,False,False
L001378,6,7,False,False
L001379,5,7,False,False
L001380,2,4,False,False
L001381,2,8,False,False
L001382,2,10,False,False
L001383,2,4,False,False
L001384,3,7,False,False
L001385,1,2,False,False
L001386,1,1,False,False
L001387,0,1,False,True
L001388,1,1,False,False
L001389,5,7,False,False
L001390,2,8,False,False
L001391,4,7,False,False
L001392,2,4,False,False
L001393,6,6,False,False
L001394,5,6,False,False
L001395,2,7,False,False
L001396,15,14,False,False
L001397,3,6,False,False
L001398,1,4,False,False
L001399,1,1,False,False
L001400,0,1,False,True
L001401,1,2,False,False
L001402,8,7,False,False
L001403,2,3,False,False
L001404,2,3,False,False
L001405,4,6,False,False
L001406,2,3,False,False
L001407,2,3,False,False
L001408,2,3,False,False
L001409,6,7,False,False
L001410,5,7,False,False
L001411,1,6,False,False
L001412,3,7,False,False
L001413,1,2,False,False
L001414,1,1,False,False
L001415,0,1,False,True
L001416,1,2,False,False
L001417,1,1,False,False
L001418,5,7,False,False
L001419,1,5,False,False
L001420,4,7,False,False
L001421,6,7,False,False
L001422,5,7,False,False
L001423,11,14,False,False
L001424,3,7,False,False
L001425,1,2,False,False
L001426,1,1,False,False
L001427,0,1,False,True
L001428,1,1,False,False
L001429,5,7,False,False
L001430,4,7,False,False
L001431,7,14,False,False
L001432,16,14,False,False
L001433,6,7,False,False
L001434,5,7,False,False
L001435,1,6,False,False
L001436,1,4,False,False
L001437,1,6,False,False
L001438,1,8,False,False
L001439,1,3,False,False
L001440,3,7,False,False
L001441,1,2,False,False
L001442,1,1,False,False
L001443,0,1,False,True
L001444,1,1,False,False
L001445,5,7,False,False
L001446,1,3,False,False
L001447,1,2,False,False
L001448,1,5,False,False
L001449,4,7,False,False
L001450,1,2,False,False
L001451,1,2,False,False
L001452,1,2,False,False
L001453,1,3,False,False
L001454,6,7,False,False
L001455,5,7,False,False
L001456,10,14,False,False
L001457,3,7,False,False
L001458,1,2,False,False
L001459,1,1,False,False
L001460,0,1,False,True
L001461,1,2,False,False
L001462,1,1,False,False
L001463,5,7,False,False
L001464,4,7,False,False
L001465,5,14,False,False
L001466,12,14,False,False
L001467,6,7,False,False
L001468,5,7,False,False
L001469,1,6,False,False
L001470,3,7,False,False
L001471,1,2,False,False
L001472,1,1,False,False
L001473,0,1,False,True
L001474,1,1,False,False
L001475,5,7,False,False
L001476,1,5,False,False
L001477,4,7,False,False
L001478,6,7,False,False
L001479,5,7,False,False
L001480,1,6,False,False
L001481,13,14,False,False
L001482,3,7,False,False
L001483,1,2,False,False
L001484,1,1,False,False
L001485,0,1,False,True
L001486,1,1,False,False
L001487,5,7,False,False
L001488,1,3,False,False
L001489,1,2,False,False
L001490,4,7,False,False
L001491,1,2,False,False
L001492,5,14,False,False
L001493,1,2,False,False
L001494,1,2,False,False
L001495,14,14,False,False
L001496,6,7,False,False
L001497,5,7,False,False
L001498,2,4,False,False
L001499,1,6,False,False
L001500,2,8,False,False
L001501,2,3,False,False
L001502,3,7,False,False
L001503,1,2,False,False
L001504,1,1,False,False
L001505,0,1,False,True
L001506,2,2,False,False
L001507,1,1,False,False
L001508,5,7,False,False
L001509,1,5,False,False
L001510,2,5,False,False
L001511,4,7,False,False
L001512,1,5,False,False
L001513,2,3,False,False
L001514,6,7,False,False
L001515,5,7,False,False
L001516,14,14,False,False
L001517,3,7,False,False
L001518,1,2,False,False
L001519,1,1,False,False
L001520,0,1,False,True
L001521,1,1,False,False
L001522,5,7,False,False
L001523,4,7,False,False
L001524,10,14,False,False
L001525,22,14,False,False
L001526,6,7,False,False
L001527,5,7,False,False
L001528,1,6,False,False
L001529,1,6,False,False
L001530,3,7,False,False
L001531,1,2,False,False
L001532,1,1,False,False
L001533,0,1,False,True
L001534,1,1,False,False
L001535,5,7,False,False
L001536,1,3,False,False
L001537,1,3,False,False
L001538,2,8,False,False
L001539,0,8,False,True
L001540,1,5,False,False
L001541,0,4,False,True
L001542,0,4,False,True
L001543,0,5,False,True
L001544,0,4,False,True
L001545,1,4,False,False
L001546,0,4,False,True
L001547,0,4,False,True
L001548,1,4,False,False
L001549,0,4,False,True
L001550,0,4,False,True
L001551,0,5,False,True
L001552,0,4,False,True
L001553,0,4,False,True
L001554,4,7,False,False
L001555,1,3,False,False
L001556,1,3,False,False
L001557,1,3,False,False
L001558,1,4,False,False
L001559,1,5,False,False
L001560,1,5,False,False
L001561,1,4,False,False
L001562,1,4,False,False
L001563,1,5,False,False
L001564,1,4,False,False
L001565,1,4,False,False
L001566,6,7,False,False
L001567,5,7,False,False
L001568,10,7,False,False
L001569,3,7,False,False
L001570,1,2,False,False
L001571,1,1,False,False
L001572,0,1,False,True
L001573,1,2,False,False
L001574,1,1,False,False
L001575,5,7,False,False
L001576,0,4,False,True
L001577,4,7,False,False
L001578,5,7,False,False
L001579,12,7,False,False
L001580,2,5,False,False
L001581,2,5,False,False
L001582,6,1,False,False
L001583,5,1,False,False
L001584,1,6,False,False
L001585,11,8,False,False
L001586,3,1,False,False
L001587,1,1,False,False
L001588,0,1,False,True
L001589,1,3,False,False
L001590,1,2,False,False
L001591,4,1,False,False
L001592,1,2,False,False
L001593,5,8,False,False
L001594,1,2,False,False
L001595,1,2,False,False
L001596,12,8,False,False
L001597,2,6,False,False
L001598,2,6,False,False
L001599,2,6,False,False
L001600,2,6,False,False
L001601,7,7,False,False
L001602,14,7,False,False
L001603,6,1,False,False
L001604,5,1,False,False
L001605,3,1,False,False
L001606,1,1,False,False
L001607,0,1,False,True
L001608,5,23,False,False
L001609,0,23,False,True
L001610,0,10,False,True
L001611,0,10,False,True
L001612,0,12,False,True
L001613,0,6,False,True
L001614,1,6,False,False
L001615,0,12,False,True
L001616,0,6,False,True
L001617,1,8,False,False
L001618,0,6,False,True
L001619,0,6,False,True
L001620,0,8,False,True
L001621,0,8,False,True
L001622,0,6,False,True
L001623,4,1,False,False
L001624,5,8,False,False
L001625,12,8,False,False
L001626,1,12,False,False
L001627,1,12,False,False
L001628,1,8,False,False
L001629,1,6,False,False
L001630,1,6,False,False
L001631,1,9,False,False
L001632,1,8,False,False
L001633,1,8,False,False
L001634,6,2,False,False
L001635,5,2,False,False
L001636,1,1,False,False
L001637,1,3,False,False
L001638,1,2,False,False
L001639,1,1,False,False
L001640,10,2,False,False
L001641,3,2,False,False
L001642,1,2,False,False
L001643,1,1,False,False
L001644,0,1,False,True
L001645,1,1,False,False
L001646,5,2,False,False
L001647,1,3,False,False
L001648,1,2,False,False
L001649,4,2,False,False
L001650,5,2,False,False
L001651,1,1,False,False
L001652,12,2,False,False
